id,title,type,overview,genres,keywords,cast,creator,rating,vote_count,popularity,language,poster_path,combined_features
1538457,Meesaya Murukku 2,movie,"After facing rejection in love and getting into a fight, Jeeva learns about his father Siva's struggles and sacrifices. Inspired by his grandfather's legacy and father's dedication, Jeeva changes his outlook and works hard toward his musical dream. Through determination and perseverance, Jeeva earns recognition in the music industry and brings pride to his family.","Comedy, Romance, Drama",,"HipHop Tamizha Adhi, Ketika Sharma, Chaithra J Achar, Ramya Ranganathan, Harshath Khan",HipHop Tamizha Adhi,0.0,0,128.0671,ta,/qD1QwmInB9ezd2peVb5EbhaM4Mo.jpg,"after facing rejection in love and getting into a fight, jeeva learns about his father siva's struggles and sacrifices. inspired by his grandfather's legacy and father's dedication, jeeva changes his outlook and works hard toward his musical dream. through determination and perseverance, jeeva earns recognition in the music industry and brings pride to his family. comedy, romance, drama  hiphop tamizha adhi, ketika sharma, chaithra j achar, ramya ranganathan, harshath khan hiphop tamizha adhi"
1408162,Vishwanath & Sons,movie,A celebrated Olympian shooter travels to America looking for a donor to help his sick child — but unexpected romance complicates his search.,"Drama, Romance, Comedy","age-gap relationship, amused","Suriya, Mamitha Baiju, Radhika Sarathkumar, Raveena Tandon, Sunil",Venky Atluri,7.3,29,38.9396,ta,/mLsvCffzpxxDwC7yVLJSLLjgzoq.jpg,"a celebrated olympian shooter travels to america looking for a donor to help his sick child — but unexpected romance complicates his search. drama, romance, comedy age-gap relationship, amused suriya, mamitha baiju, radhika sarathkumar, raveena tandon, sunil venky atluri"
1508168,Bethlehem Kudumba Unit,movie,"Ashley's homecoming from abroad takes an emotional turn when a wedding next door stirs memories of her first love, Justin.","Romance, Comedy, Drama","affectation, candid, hilarious","Nivin Pauly, Mamitha Baiju, Sangeeth Prathap, Suresh Krishna, Bindu Panicker",Girish A. D.,8.714,21,34.0723,ml,/uaSZiH6yoGaVJcqzKtrfSkqDuHX.jpg,"ashley's homecoming from abroad takes an emotional turn when a wedding next door stirs memories of her first love, justin. romance, comedy, drama affectation, candid, hilarious nivin pauly, mamitha baiju, sangeeth prathap, suresh krishna, bindu panicker girish a. d."
921711,Tamil Rockers,movie,4 Major characters running for the Money facing more challenges by forgetting the fact that it's not the decision of money to reach human.,"Comedy, Thriller",,"Premji Amaran, Meenakshi Dixit, VTV Ganesh, S. P. Charan, Devadarshini",Barani Jayapal,4.2,5,31.9022,ta,/hOoMQIANxXhRUPkrtSYHYuZaFSm.jpg,"4 major characters running for the money facing more challenges by forgetting the fact that it's not the decision of money to reach human. comedy, thriller  premji amaran, meenakshi dixit, vtv ganesh, s. p. charan, devadarshini barani jayapal"
1269325,Drishyam: The Conclusion,movie,"Years after outsmarting the police, Vijay Salgaonkar's past resurfaces when a new evidence threatens to expose his secret. As the investigation reopens, he must outwit the system once again to save his family.","Thriller, Drama, Mystery, Crime","sequel, trilogy","Ajay Devgn, Tabu, Shriya Saran, Rajat Kapoor, Jaideep Ahlawat",Abhishek Pathak,10.0,1,30.5318,hi,/67FsF2kpgEZ1T5Qos4adgqm9dLf.jpg,"years after outsmarting the police, vijay salgaonkar's past resurfaces when a new evidence threatens to expose his secret. as the investigation reopens, he must outwit the system once again to save his family. thriller, drama, mystery, crime sequel, trilogy ajay devgn, tabu, shriya saran, rajat kapoor, jaideep ahlawat abhishek pathak"
1451944,Lust Stories 3,movie,"Through four bite-sized yet emotionally resonant films, the anthology once again explores lust, love, relationships, and repressed desire, offering fresh perspectives on intimacy, longing, and human connection in all their complexity.","Romance, Drama","anthology, lust, bollywood, trilogy","Radhika Apte, Konkona Sen Sharma, Vijay Varma, Abhishek Banerjee, Ali Fazal",Vikramaditya Motwane,6.1,8,25.2353,hi,/cLA83DD1qMEBwbRIYXf29RKjMja.jpg,"through four bite-sized yet emotionally resonant films, the anthology once again explores lust, love, relationships, and repressed desire, offering fresh perspectives on intimacy, longing, and human connection in all their complexity. romance, drama anthology, lust, bollywood, trilogy radhika apte, konkona sen sharma, vijay varma, abhishek banerjee, ali fazal vikramaditya motwane"
1213243,Toxic,movie,"A powerful drug cartel pulls the strings behind a facade of sun-soaked beaches as a gritty, violent underworld power struggle emerges during the crumbling of Portuguese colonial rule.","Action, Crime, Drama","gangster, goa, betrayal, loving","Yash, Kiara Advani, Nayanthara, Huma Qureshi, Tara Sutaria",Geetu Mohandas,8.0,76,22.5048,kn,/5RTd3YCLWbEhbe9OXRuNX3pbT5U.jpg,"a powerful drug cartel pulls the strings behind a facade of sun-soaked beaches as a gritty, violent underworld power struggle emerges during the crumbling of portuguese colonial rule. action, crime, drama gangster, goa, betrayal, loving yash, kiara advani, nayanthara, huma qureshi, tara sutaria geetu mohandas"
1685882,Modha Rathri,movie,"Two strangers are brought together at an unusual wedding where, in one night, too many surprises unfold and several lies are told, spiraling into chaos that changes everything.","Romance, Comedy",,"Rishikanth, Anishma Anilkumar, Chetan, A. Venkatesh, Bagavathi Perumal",Raja Karuppasamy,8.0,10,21.6915,ta,/3VuNFeniljhEe9MDW12MnDbETgH.jpg,"two strangers are brought together at an unusual wedding where, in one night, too many surprises unfold and several lies are told, spiraling into chaos that changes everything. romance, comedy  rishikanth, anishma anilkumar, chetan, a. venkatesh, bagavathi perumal raja karuppasamy"
1314279,Hi!,movie,"Two individuals initially exchange a simple ""Hi,"" but through a series of chance encounters, shared experiences, and deep conversations, they gradually develop a strong connection and eventually fall in love.","Romance, Drama",,"Kavin Raj, Nayanthara, K. Bhagyaraj, Prabhu, Radhika Sarathkumar",Vishnu Edavan,4.75,4,20.4715,ta,/9Vgmpa0tcCzkbXf9AY0zXrai1oi.jpg,"two individuals initially exchange a simple ""hi,"" but through a series of chance encounters, shared experiences, and deep conversations, they gradually develop a strong connection and eventually fall in love. romance, drama  kavin raj, nayanthara, k. bhagyaraj, prabhu, radhika sarathkumar vishnu edavan"
1317872,Sardar 2,movie,"When the mysterious Black Dagger threatens national security, Inspector Vijay embarks on his most dangerous mission yet. As the battle unfolds, the extraordinary origin of legendary spy Sardar is finally revealed, uncovering the sacrifices that forged a legend and the secrets that could shape the future.","Action, Thriller","war on drugs, sequel","Karthi, S. J. Suryah, Malavika Mohanan, Ashika Ranganath, Rajisha Vijayan",P. S. Mithran,4.5,2,18.7103,ta,/muGsRtsNrG1gnlF2fPYrBa4TGlr.jpg,"when the mysterious black dagger threatens national security, inspector vijay embarks on his most dangerous mission yet. as the battle unfolds, the extraordinary origin of legendary spy sardar is finally revealed, uncovering the sacrifices that forged a legend and the secrets that could shape the future. action, thriller war on drugs, sequel karthi, s. j. suryah, malavika mohanan, ashika ranganath, rajisha vijayan p. s. mithran"
1709391,Hanuman Ansh,movie,"A grieving boy seeks God to meet his departed mother, and in finding the divine, learns to serve humanity with miracles of love, food and silent blessings, becoming Hanuman Ansh, Neem Karoli Baba.","Family, Drama",,"Shobhinaw Satyaa, Chandan Anand, Purnima Tiwari, Vihaan Shedge, Anil Rastogi",Vishal Chaturvedi,8.0,11,16.9534,hi,/as2Y3zGUa2IUS3uAx2sh6Ano3es.jpg,"a grieving boy seeks god to meet his departed mother, and in finding the divine, learns to serve humanity with miracles of love, food and silent blessings, becoming hanuman ansh, neem karoli baba. family, drama  shobhinaw satyaa, chandan anand, purnima tiwari, vihaan shedge, anil rastogi vishal chaturvedi"
1036081,Khalifa: The Ruler,movie,"Aamir Ali, a notorious gold smuggling kingpin who inherited his multi-million dollar criminal enterprise from a lineage of gangsters, is drawn into a web of vengeance, legacy and power.","Crime, Action",,"Prithviraj Sukumaran, Mohanlal, Neil Nitin Mukesh, Indrans, Shammi Thilakan",Vysakh,7.1,4,16.6115,ml,/cAl7uuRojdxysptYBj9Mg0czGmI.jpg,"aamir ali, a notorious gold smuggling kingpin who inherited his multi-million dollar criminal enterprise from a lineage of gangsters, is drawn into a web of vengeance, legacy and power. crime, action  prithviraj sukumaran, mohanlal, neil nitin mukesh, indrans, shammi thilakan vysakh"
1618200,The Dark Heaven,movie,"In the Hill Village of Mekkarai, Where It is Customary for Men to Die Every Seven Years During the Month of June, a Newly Appointed Police Inspector Arrives to Investigate a Series of Mysterious Murders. As He Digs Deeper Into the Village's Dark Secrets and Long-standing Beliefs, He Finds Himself Trapped in a Web of Crime, Fear, and Hidden Truths.","Crime, Thriller",,"Sidhu Sid, Tharshika, Riythvika, Vela Ramamoorthy, Nizhalgal Ravi",Balaaji,0.0,0,16.2528,ta,/xFr0Q7j2JmOwBJnvImIgTAWBk4U.jpg,"in the hill village of mekkarai, where it is customary for men to die every seven years during the month of june, a newly appointed police inspector arrives to investigate a series of mysterious murders. as he digs deeper into the village's dark secrets and long-standing beliefs, he finds himself trapped in a web of crime, fear, and hidden truths. crime, thriller  sidhu sid, tharshika, riythvika, vela ramamoorthy, nizhalgal ravi balaaji"
1355228,Gandhari,movie,"When a mother loses her eyesight and her daughter in a kidnapping, she takes matters into her own hands to hunt down those responsible.","Action, Drama, Thriller",hindi,"Taapsee Pannu, Ishwak Singh, Mita Vashisht, Swastika Mukherjee, Chhaya Kadam",Devashish Makhija,7.304,28,15.413,hi,/hCHei97aPYCCsh4vicz9X0wmdFV.jpg,"when a mother loses her eyesight and her daughter in a kidnapping, she takes matters into her own hands to hunt down those responsible. action, drama, thriller hindi taapsee pannu, ishwak singh, mita vashisht, swastika mukherjee, chhaya kadam devashish makhija"
1376856,The Paradise,movie,"In 1980s Secunderabad, a marginalized tribe battles discrimination and fights for citizenship under an unexpected leader's guidance, challenging systemic oppression.","Action, Thriller, Drama","slum, gang leader, oppression, 1980s, tribes","Nani, Mohan Babu, Kayadu Lohar, Sonali Kulkarni, Raghav Juyal",Srikanth Odela,5.3,6,14.6017,te,/smghVMoMWSIFi5dgIz4w1UIcEcY.jpg,"in 1980s secunderabad, a marginalized tribe battles discrimination and fights for citizenship under an unexpected leader's guidance, challenging systemic oppression. action, thriller, drama slum, gang leader, oppression, 1980s, tribes nani, mohan babu, kayadu lohar, sonali kulkarni, raghav juyal srikanth odela"
1235877,Jana Nayagan,movie,"A clash of ideologies. One stands for the people, the other feeds on control. Their paths collided once before. Years later, a child’s silent fear ignites the past, drawing a former police officer into a battle far bigger than personal revenge.","Action, Drama","politics, democracy, political leader, inspirational, informative, creative adaptation","Vijay, Pooja Hegde, Bobby Deol, Mamitha Baiju, Priyamani",H. Vinoth,5.286,21,14.4532,ta,/jt8pfSIdi47YpFMMWVRr8w5u2S0.jpg,"a clash of ideologies. one stands for the people, the other feeds on control. their paths collided once before. years later, a child’s silent fear ignites the past, drawing a former police officer into a battle far bigger than personal revenge. action, drama politics, democracy, political leader, inspirational, informative, creative adaptation vijay, pooja hegde, bobby deol, mamitha baiju, priyamani h. vinoth"
20453,3 Idiots,movie,"Rascal. Joker. Dreamer. Genius... You've never met a college student quite like ""Rancho."" From the moment he arrives at India's most prestigious university, Rancho's outlandish schemes turn the campus upside down—along with the lives of his two newfound best friends. Together, they make life miserable for ""Virus,"" the school’s uptight and heartless dean. But when Rancho catches the eye of the dean's daughter, Virus sets his sights on flunking out the ""3 idiots"" once and for all.","Drama, Comedy","challenge, middle class, slapstick comedy, coming of age, flashback, teacher, friends, engineering, university, subjective camera, smart kid, poor kid, looking for friend, plot twist, inspirational, student, life advice, hilarious, amused, delhi","Aamir Khan, R. Madhavan, Sharman Joshi, Kareena Kapoor Khan, Boman Irani",Rajkumar Hirani,8.01,2849,12.2914,hi,/66A9MqXOyVFCssoloscw79z8Tew.jpg,"rascal. joker. dreamer. genius... you've never met a college student quite like ""rancho."" from the moment he arrives at india's most prestigious university, rancho's outlandish schemes turn the campus upside down—along with the lives of his two newfound best friends. together, they make life miserable for ""virus,"" the school’s uptight and heartless dean. but when rancho catches the eye of the dean's daughter, virus sets his sights on flunking out the ""3 idiots"" once and for all. drama, comedy challenge, middle class, slapstick comedy, coming of age, flashback, teacher, friends, engineering, university, subjective camera, smart kid, poor kid, looking for friend, plot twist, inspirational, student, life advice, hilarious, amused, delhi aamir khan, r. madhavan, sharman joshi, kareena kapoor khan, boman irani rajkumar hirani"
1291608,Dhurandhar,movie,"In the early 2000s, an undercover operative infiltrates Karachi's underworld, breaking into its inner circle to dismantle a violent nexus from within.","Action, Crime, Thriller","espionage, political party, politics, patriotism, nationalism, gore, pakistan, torture, terrorism, terrorist attack, gun violence, bloodshed, political corruption, 1990s, spy thriller, 2000s, international espionage","Ranveer Singh, Akshaye Khanna, R. Madhavan, Arjun Rampal, Sanjay Dutt",Aditya Dhar,7.3,361,11.5828,hi,/8FHOtUpNIk5ZPEay2N2EY5lrxkv.jpg,"in the early 2000s, an undercover operative infiltrates karachi's underworld, breaking into its inner circle to dismantle a violent nexus from within. action, crime, thriller espionage, political party, politics, patriotism, nationalism, gore, pakistan, torture, terrorism, terrorist attack, gun violence, bloodshed, political corruption, 1990s, spy thriller, 2000s, international espionage ranveer singh, akshaye khanna, r. madhavan, arjun rampal, sanjay dutt aditya dhar"
847742,Drishyam 3,movie,"To protect his family and their dark secret, Georgekutty faces an organized new threat. As walls close in and cracks widen, how much more is he willing to sacrifice?","Crime, Drama, Thriller",,"Mohanlal, Meena, Siddique, Asha Sarath, Murali Gopy",Jeethu Joseph,6.6,21,11.3205,ml,/456FlpiU1iOBnaOxSd783QhZKWw.jpg,"to protect his family and their dark secret, georgekutty faces an organized new threat. as walls close in and cracks widen, how much more is he willing to sacrifice? crime, drama, thriller  mohanlal, meena, siddique, asha sarath, murali gopy jeethu joseph"
579974,RRR,movie,A fictional history of two legendary revolutionaries' journey away from home before they began fighting for their country in the 1920s.,"Action, History, Drama","rescue, revolution, liberation, slavery, male friendship, freedom fighter, british empire, interracial romance, historical fiction, period drama, historical, 1920s, history of india, killed in action, war","N.T. Rama Rao Jr., Ram Charan, Olivia Morris, Ray Stevenson, Alison Doody",S. S. Rajamouli,7.7,1712,10.8902,te,/wE0I6efAW4cDDmZQWtwZMOW44EJ.jpg,"a fictional history of two legendary revolutionaries' journey away from home before they began fighting for their country in the 1920s. action, history, drama rescue, revolution, liberation, slavery, male friendship, freedom fighter, british empire, interracial romance, historical fiction, period drama, historical, 1920s, history of india, killed in action, war n.t. rama rao jr., ram charan, olivia morris, ray stevenson, alison doody s. s. rajamouli"
645708,Dragon,movie,Set in 1967 around International Opium Trade by Afghan Trading Company and Golden Trading Company,"Action, Crime, Drama","gang war, gang leader, drug cartel, drugs, drug ring, crime syndicate, drug syndicate, syndicate, drug company, opium wars, british oppression, drug cartel war","N.T. Rama Rao Jr., Shahid Kapoor, Rukmini Vasanth, Alia Bhatt, Ashutosh Rana",Prashanth Neel,0.0,0,10.2401,te,/qKQEdXj8OFqMjj000RmlU7qQHWR.jpg,"set in 1967 around international opium trade by afghan trading company and golden trading company action, crime, drama gang war, gang leader, drug cartel, drugs, drug ring, crime syndicate, drug syndicate, syndicate, drug company, opium wars, british oppression, drug cartel war n.t. rama rao jr., shahid kapoor, rukmini vasanth, alia bhatt, ashutosh rana prashanth neel"
1515729,Blast,movie,A seemingly ordinary family must unleash their hidden martial arts skills when they clash with a ruthless criminal gang tied to corruption and violence.,"Action, Thriller","martial arts, karate, home invasion, intense, amused, bollywood","Arjun Sarja, Abhirami, Preity Mukhundhan, Vivek Prasanna, John Kokken",Subash K Raj,7.85,70,10.05,ta,/lpsUpXieodUhN6DlK9ZDnjkysLk.jpg,"a seemingly ordinary family must unleash their hidden martial arts skills when they clash with a ruthless criminal gang tied to corruption and violence. action, thriller martial arts, karate, home invasion, intense, amused, bollywood arjun sarja, abhirami, preity mukhundhan, vivek prasanna, john kokken subash k raj"
1122030,Alpha,movie,"When Sita, a highly trained assassin raised in isolation as a super-soldier by a rogue commander, discovers the dark truth about her family and her stolen childhood, she teams up with her long lost sister to take down her creator and his illicit military program.","Action, Thriller","female spy, raw agent","Alia Bhatt, Sharvari, Bobby Deol, Anil Kapoor, Dibyendu Bhattacharya",Shiv Rawail,5.177,31,10.0051,hi,/bPtRt3ajQ0EkyeQ1O6iJwAIi9Py.jpg,"when sita, a highly trained assassin raised in isolation as a super-soldier by a rogue commander, discovers the dark truth about her family and her stolen childhood, she teams up with her long lost sister to take down her creator and his illicit military program. action, thriller female spy, raw agent alia bhatt, sharvari, bobby deol, anil kapoor, dibyendu bhattacharya shiv rawail"
19404,Dilwale Dulhania Le Jayenge,movie,"Raj is a rich, carefree, happy-go-lucky second generation NRI. Simran is the daughter of Chaudhary Baldev Singh, who in spite of being an NRI is very strict about adherence to Indian values. Simran has left for India to be married to her childhood fiancé. Raj leaves for India with a mission at his hands, to claim his lady love under the noses of her whole family. Thus begins a saga.","Comedy, Drama, Romance","family's daily life, family history, love-hate relationship, family drama, love affair, lighthearted","Kajol, Shah Rukh Khan, Amrish Puri, Farida Jalal, Anupam Kher",Aditya Chopra,8.504,4625,9.9773,hi,/lfRkUr7DYdHldAqi3PwdQGBRBPM.jpg,"raj is a rich, carefree, happy-go-lucky second generation nri. simran is the daughter of chaudhary baldev singh, who in spite of being an nri is very strict about adherence to indian values. simran has left for india to be married to her childhood fiancé. raj leaves for india with a mission at his hands, to claim his lady love under the noses of her whole family. thus begins a saga. comedy, drama, romance family's daily life, family history, love-hate relationship, family drama, love affair, lighthearted kajol, shah rukh khan, amrish puri, farida jalal, anupam kher aditya chopra"
257088,Point Break,movie,"A young undercover FBI agent infiltrates a gang of thieves who share a common interest in extreme sports. A remake of the 1991 film, ""Point Break"".","Action, Adventure, Crime, Thriller","surfing, undercover agent, undercover, fbi, extreme sports, remake, skydiving, los angeles, california, bank robbery, undercover operation, ex-president, action thriller","Edgar Ramírez, Luke Bracey, Teresa Palmer, Ray Winstone, Max Thieriot",Ericson Core,5.955,2495,9.867,en,/z7JOvw5Lqs9ezoFTJxmz3nx3av2.jpg,"a young undercover fbi agent infiltrates a gang of thieves who share a common interest in extreme sports. a remake of the 1991 film, ""point break"". action, adventure, crime, thriller surfing, undercover agent, undercover, fbi, extreme sports, remake, skydiving, los angeles, california, bank robbery, undercover operation, ex-president, action thriller edgar ramírez, luke bracey, teresa palmer, ray winstone, max thieriot ericson core"
1479832,DC,movie,Rebel Devadas joins forces with Chandra in a dangerous world where passion and peril collide. Their turbulent alliance demands bloodshed and tests loyalties as survival becomes the ultimate stake in their fight.,"Romance, Action, Drama","robbery, gangster, murder, extortion","Lokesh Kanagaraj, Wamiqa Gabbi, Sanjana Krishnamoorthy, Avinash Raghudevan, Jawahar Sakthi",Arun Matheswaran,7.9,23,9.8367,ta,/8k71CD24GIAmEFgHYRhqFvwbXH8.jpg,"rebel devadas joins forces with chandra in a dangerous world where passion and peril collide. their turbulent alliance demands bloodshed and tests loyalties as survival becomes the ultimate stake in their fight. romance, action, drama robbery, gangster, murder, extortion lokesh kanagaraj, wamiqa gabbi, sanjana krishnamoorthy, avinash raghudevan, jawahar sakthi arun matheswaran"
1378537,Mirzapur: The Movie,movie,"The battle for Mirzapur’s throne intensifies as old enemies resurface and a new threat emerges in the form of Babban Babua, a ruthless businessman from Jaisalmer with ambitions of his own. As the Tripathis face enemies from both the past and present, loyalties are tested while Guddu and Bablu Pandit fight to establish themselves in the power struggle for Mirzapur.","Action, Crime, Drama, Thriller",,"Pankaj Tripathi, Ali Fazal, Divyendu Sharma, Jitendra Kumar, Ravi Kishan",Gurmmeet Singh,6.9,18,9.6456,hi,/cdDKdCRyq6BYuNblpKUYqRPWvEg.jpg,"the battle for mirzapur’s throne intensifies as old enemies resurface and a new threat emerges in the form of babban babua, a ruthless businessman from jaisalmer with ambitions of his own. as the tripathis face enemies from both the past and present, loyalties are tested while guddu and bablu pandit fight to establish themselves in the power struggle for mirzapur. action, crime, drama, thriller  pankaj tripathi, ali fazal, divyendu sharma, jitendra kumar, ravi kishan gurmmeet singh"
1444466,Awarapan 2,movie,"Once a feared gangster, Shivam lives hidden away from his past, with no faith left in God or himself. But when fate pulls him into Bangkok's cartel war and forces him back into the darkness he swore never to return to, Shivam must choose what he is willing to live for, when there is nothing left to lose.","Action, Drama, Romance",,"Emraan Hashmi, Shabana Azmi, Disha Patani, Suvinder Vicky, Vijayant Kohli",Nitin Kakkar,6.5,2,9.4086,hi,/lD3J6zTbWkVtPYuSUuuBwpuKMCO.jpg,"once a feared gangster, shivam lives hidden away from his past, with no faith left in god or himself. but when fate pulls him into bangkok's cartel war and forces him back into the darkness he swore never to return to, shivam must choose what he is willing to live for, when there is nothing left to lose. action, drama, romance  emraan hashmi, shabana azmi, disha patani, suvinder vicky, vijayant kohli nitin kakkar"
656908,Ramayana,movie,"An ancient epic follows a young prince and princess whose marriage and subsequent exile mark the beginning of a legendary journey. Their story of love, duty and destiny sets the stage for greater challenges ahead.","Fantasy, Drama, Action","god, based on myths, legends or folklore, hindu mythology, epic","Ranbir Kapoor, Sai Pallavi, Yash, Ravi Dubey, Arun Govil",Nitesh Tiwari,0.0,0,9.3116,hi,/gOWnXaBxqT6k2y40hKfYU6c0Ym.jpg,"an ancient epic follows a young prince and princess whose marriage and subsequent exile mark the beginning of a legendary journey. their story of love, duty and destiny sets the stage for greater challenges ahead. fantasy, drama, action god, based on myths, legends or folklore, hindu mythology, epic ranbir kapoor, sai pallavi, yash, ravi dubey, arun govil nitesh tiwari"
1441228,Irumudi,movie,An alcoholic with a violent past—living peacefully with his daughter beside a waterfall—decides to take Ayyappa Deeksha (a 41-day spiritual vow and period of intense austerity) at her request.,"Drama, Family, Action","hindu god, father daughter relationship, devotional film, rural village","Ravi Teja, Nakshathra C M, Priya Bhavani Shankar, Sai Kumar, Ajay Ghosh",Shiva Nirvana,6.6,24,9.1177,te,/sPePQmJRKkB14sGjB7zBkLJkaTW.jpg,"an alcoholic with a violent past—living peacefully with his daughter beside a waterfall—decides to take ayyappa deeksha (a 41-day spiritual vow and period of intense austerity) at her request. drama, family, action hindu god, father daughter relationship, devotional film, rural village ravi teja, nakshathra c m, priya bhavani shankar, sai kumar, ajay ghosh shiva nirvana"
1582770,Dhurandhar: The Revenge,movie,"As rival gangs, corrupt officials and a ruthless Major Iqbal close in, Hamza's mission for his country spirals into a bloody personal war where the line between patriot and monster disappears in the streets of Lyari.","Action, Crime, Thriller","undercover, espionage, politics, spy, traitor, patriotism, nationalism, gore, gang leader, pakistan, sequel, betrayal, conspiracy, torture, soldier, interrogation, terrorist attack, undercover operation, gun violence, bloodshed, political corruption, serious, intense, cruel, excited","Ranveer Singh, Arjun Rampal, Rakesh Bedi, R. Madhavan, Manav Gohil",Aditya Dhar,7.3,162,9.1021,hi,/ov8vrRLZGoXHpYjSY9Vpv1tHJX7.jpg,"as rival gangs, corrupt officials and a ruthless major iqbal close in, hamza's mission for his country spirals into a bloody personal war where the line between patriot and monster disappears in the streets of lyari. action, crime, thriller undercover, espionage, politics, spy, traitor, patriotism, nationalism, gore, gang leader, pakistan, sequel, betrayal, conspiracy, torture, soldier, interrogation, terrorist attack, undercover operation, gun violence, bloodshed, political corruption, serious, intense, cruel, excited ranveer singh, arjun rampal, rakesh bedi, r. madhavan, manav gohil aditya dhar"
1489543,G.D.N,movie,G.D. Naidu overcomes challenges and defies a repressive colonial regime to become one of India's greatest innovators.,Drama,"inventor, biopic","R. Madhavan, Priyamani, Sathyaraj, Jayaram, Dushara Vijayan",Krishnakumar Ramakumar,7.0,1,9.0304,ta,/aAbvbKbNU6YyYDZ5ntSQcOygliw.jpg,"g.d. naidu overcomes challenges and defies a repressive colonial regime to become one of india's greatest innovators. drama inventor, biopic r. madhavan, priyamani, sathyaraj, jayaram, dushara vijayan krishnakumar ramakumar"
463821,The House with a Clock in Its Walls,movie,"When ten-year-old Lewis is suddenly orphaned, he is sent to live with his Uncle Jonathan in a creaky (and creepy) old mansion with a mysterious ticking noise that emanates from the walls. Upon discovering that his uncle is a warlock, Lewis begins learning magic, but when he rebelliously resurrects an evil warlock he must find the secret of the house and save the world from destruction.","Comedy, Family, Fantasy, Horror, Mystery","based on novel or book, clock, halloween, haunted house, uncle, pumpkin, orphan, warlock, secret passageway, 1950s, magician, amused","Jack Black, Cate Blanchett, Owen Vaccaro, Kyle MacLachlan, Renée Elise Goldsberry",Eli Roth,6.251,2376,9.0,en,/qM66Hv4ByAxnilr0jaqCA9uOD4Y.jpg,"when ten-year-old lewis is suddenly orphaned, he is sent to live with his uncle jonathan in a creaky (and creepy) old mansion with a mysterious ticking noise that emanates from the walls. upon discovering that his uncle is a warlock, lewis begins learning magic, but when he rebelliously resurrects an evil warlock he must find the secret of the house and save the world from destruction. comedy, family, fantasy, horror, mystery based on novel or book, clock, halloween, haunted house, uncle, pumpkin, orphan, warlock, secret passageway, 1950s, magician, amused jack black, cate blanchett, owen vaccaro, kyle maclachlan, renée elise goldsberry eli roth"
1234139,Jailer 2,movie,"Following the events of ""Jailer"",  former ruthless police officer Muthuvel Pandian must come face-to-face with an even larger threat.","Action, Comedy",,"Rajinikanth, S. J. Suryah, Suraj Venjaramoodu, Mithun Chakraborty, Ramya Krishnan",Nelson Dilipkumar,0.0,0,8.8069,ta,/1XV6xdaaBdgVTcJfdla4yQrSlXq.jpg,"following the events of ""jailer"",  former ruthless police officer muthuvel pandian must come face-to-face with an even larger threat. action, comedy  rajinikanth, s. j. suryah, suraj venjaramoodu, mithun chakraborty, ramya krishnan nelson dilipkumar"
1057265,Peddi,movie,"In a village that doesn't officially exist, a laborer's unmatched athletic talent becomes his weapon to fight for his people's right to be recognized.","Action, Drama","sports, politics, cricket, 1980s, multi-sports","Ram Charan, Janhvi Kapoor, Shiva Rajkumar, Jagapati Babu, Divyendu Sharma",Buchi Babu Sana,5.8,69,8.6952,te,/kJAJNNBYlbqAcpTDxBNnaILSMTy.jpg,"in a village that doesn't officially exist, a laborer's unmatched athletic talent becomes his weapon to fight for his people's right to be recognized. action, drama sports, politics, cricket, 1980s, multi-sports ram charan, janhvi kapoor, shiva rajkumar, jagapati babu, divyendu sharma buchi babu sana"
1529372,Don't Be Shy!,movie,"Quintessential Mean Girl, Shyamili ‘Shy’ Das, finds herself suddenly relegated to Loser-ville when Mayank, her boyfriend of three years, suddenly dumps her. But Shy, all set to get her revenge, finds herself falling into friendship and compassion with someone unexpected… Mayank’s new girlfriend - Tara.","Romance, Comedy",adoring,"Arushi Bajaj, Ansh Duggal, Bianca Arora, Piyush Khati, Kunaal Roy Kapur",Sreeti Mukerji,7.0,1,8.4575,hi,/lBeDq7KmZaQNnnIXgExCAmfLMqT.jpg,"quintessential mean girl, shyamili ‘shy’ das, finds herself suddenly relegated to loser-ville when mayank, her boyfriend of three years, suddenly dumps her. but shy, all set to get her revenge, finds herself falling into friendship and compassion with someone unexpected… mayank’s new girlfriend - tara. romance, comedy adoring arushi bajaj, ansh duggal, bianca arora, piyush khati, kunaal roy kapur sreeti mukerji"
1727563,Ohh My Dog,movie,"In Assam, 14-year-old Apu embarks on a desperate quest to rescue his beloved dog, Momo, after he is kidnapped. Elsewhere, in Bihar, a devoted dog named Oscar sets out on a perilous journey to find his kidnapped owner, a 15-year-old child labourer. As their journeys unfold, it becomes clear that the two kidnappings may be connected to a larger, sinister plan.","Drama, Family",,"Maahi Rai, Pankaj Tripathi, Pavan Malhotra, Geeta Agrawal Sharma, Rajesh Kumar",Amit Rai,9.0,1,8.357,hi,/3zVHaUphvyc3O5dDEkzJe9Faf3P.jpg,"in assam, 14-year-old apu embarks on a desperate quest to rescue his beloved dog, momo, after he is kidnapped. elsewhere, in bihar, a devoted dog named oscar sets out on a perilous journey to find his kidnapped owner, a 15-year-old child labourer. as their journeys unfold, it becomes clear that the two kidnappings may be connected to a larger, sinister plan. drama, family  maahi rai, pankaj tripathi, pavan malhotra, geeta agrawal sharma, rajesh kumar amit rai"
1367220,Karuppu,movie,"In a world where justice falters, guardian deity Vettai Karuppu takes the guise of a lawyer to battle a corrupt legal system preying on the powerless.","Action, Fantasy","crooked lawyer, lawyer, taunting, political corruption, hindu god, supernatural drama, corrupt legal system, crime drama","Suriya, Trisha Krishnan, RJ Balaji, Indrans, Anagha Maya Ravi",RJ Balaji,6.8,30,8.3294,ta,/4KZXlZ5tTT6ghbW77gS4hSLkCd7.jpg,"in a world where justice falters, guardian deity vettai karuppu takes the guise of a lawyer to battle a corrupt legal system preying on the powerless. action, fantasy crooked lawyer, lawyer, taunting, political corruption, hindu god, supernatural drama, corrupt legal system, crime drama suriya, trisha krishnan, rj balaji, indrans, anagha maya ravi rj balaji"
1509599,Gatta Kusthi 2,movie,"Picks up after the first film, with Veera and Keerthi balancing parenthood and Keerthi's wrestling career, featuring a role reversal where Veera takes on more domestic responsibilities.","Comedy, Drama","sequel, domestic life, professional wrestling, gender role reversal","Vishnu Vishal, Aishwarya Lekshmi, Zara Zyanna, Karunas, Munishkanth",Chella Ayyavu,4.9,7,8.2943,ta,/5U8MWIk9XZ60NALyOTpyX7vXIR7.jpg,"picks up after the first film, with veera and keerthi balancing parenthood and keerthi's wrestling career, featuring a role reversal where veera takes on more domestic responsibilities. comedy, drama sequel, domestic life, professional wrestling, gender role reversal vishnu vishal, aishwarya lekshmi, zara zyanna, karunas, munishkanth chella ayyavu"
1303331,Dhamaal 4,movie,"The Dhamaal boys are back for another treasure hunt, facing hilarious challenges in their quest for the Treasure of Life.",Comedy,"treasure hunt, slapstick comedy, quest, comedic misadventures, comedy sequel","Ajay Devgn, Arshad Warsi, Riteish Deshmukh, Javed Jaffrey, Sanjay Mishra",Indra Kumar,4.3,13,8.0322,hi,/oVij5aEEE6iI4PxB4i0CgKp8h0m.jpg,"the dhamaal boys are back for another treasure hunt, facing hilarious challenges in their quest for the treasure of life. comedy treasure hunt, slapstick comedy, quest, comedic misadventures, comedy sequel ajay devgn, arshad warsi, riteish deshmukh, javed jaffrey, sanjay mishra indra kumar"
1578079,Dorothy,movie,"Set in a world shaped by caste, violence, and toxic masculinity, two childhood friends grow up inseparable in rural Tamil Nadu. Their lives are transformed by the arrival of Dorothy, a woman whose compassion quietly challenges the world around them.",Drama,"gender dysphoria, caste system, gender identity, transgender, patriarchal society, hypermasculinity, gender non conforming","Sananth, Rishikanth, Keerthy Suresh, Jeeva Subramanian, Ramachandran Durairaj",Karthik Subbaraj,7.0,3,6.6895,ta,/o3r5DmWhOKdFmeIUoRJj4CvCqOP.jpg,"set in a world shaped by caste, violence, and toxic masculinity, two childhood friends grow up inseparable in rural tamil nadu. their lives are transformed by the arrival of dorothy, a woman whose compassion quietly challenges the world around them. drama gender dysphoria, caste system, gender identity, transgender, patriarchal society, hypermasculinity, gender non conforming sananth, rishikanth, keerthy suresh, jeeva subramanian, ramachandran durairaj karthik subbaraj"
1560208,Ramba Oorvasi Menaka,movie,"A man spends 15 years attempting to use a magical book to summon the celestial angels Ramba, Urvasi, and Menaka to earth, but Lord Indra blocks their descent until they finally arrive.","Comedy, Drama",,"Allari Naresh, Surbhi, Naresh, Srinivasa Reddy, Vennela Kishore",Chandra Mohan Chintada,0.0,0,6.9932,te,/tPkKq60dSC12I3ARollNuZsY4Jv.jpg,"a man spends 15 years attempting to use a magical book to summon the celestial angels ramba, urvasi, and menaka to earth, but lord indra blocks their descent until they finally arrive. comedy, drama  allari naresh, surbhi, naresh, srinivasa reddy, vennela kishore chandra mohan chintada"
26022,My Name Is Khan,movie,"Rizwan Khan, a Muslim from the Borivali section of Mumbai, has Asperger's syndrome. He marries a Hindu single mother, Mandira, in San Francisco. After 9/11, Rizwan is detained by authorities at LAX who treat him as a terrorist because of his condition and his race.","Drama, Romance","autism, mumbai (bombay), india, based on true story, prejudice, religion, disability, asperger's syndrome, asian american, hopeful","Shah Rukh Khan, Kajol, Arjan Aujla, Jimmy Shergill, Sonya Jehan",Karan Johar,8.045,1507,6.9251,hi,/5Y36lCiNyyV71mjq6LavgiggbhT.jpg,"rizwan khan, a muslim from the borivali section of mumbai, has asperger's syndrome. he marries a hindu single mother, mandira, in san francisco. after 9/11, rizwan is detained by authorities at lax who treat him as a terrorist because of his condition and his race. drama, romance autism, mumbai (bombay), india, based on true story, prejudice, religion, disability, asperger's syndrome, asian american, hopeful shah rukh khan, kajol, arjan aujla, jimmy shergill, sonya jehan karan johar"
297222,PK,movie,"A stranger in the city asks questions no one has asked before. Known only by his initials, the man's innocent questions and childlike curiosity take him on a journey of love, laughter and letting go.","Comedy, Drama, Science Fiction","friendship, society, christianity, hinduism, islam, satire, alien, love, religion, sociology, belief in god, islamophobia, pakistan vs india, sikhism, jainism, religious satire","Aamir Khan, Anushka Sharma, Saurabh Shukla, Boman Irani, Sushant Singh Rajput",Rajkumar Hirani,7.705,1217,7.6043,hi,/z2x2Y4tncefsIU7h82gmUM5vnBJ.jpg,"a stranger in the city asks questions no one has asked before. known only by his initials, the man's innocent questions and childlike curiosity take him on a journey of love, laughter and letting go. comedy, drama, science fiction friendship, society, christianity, hinduism, islam, satire, alien, love, religion, sociology, belief in god, islamophobia, pakistan vs india, sikhism, jainism, religious satire aamir khan, anushka sharma, saurabh shukla, boman irani, sushant singh rajput rajkumar hirani"
1640649,Love Lottery,movie,"When a young woman, Bharani Verma, is found dead under mysterious circumstances, the police quickly arrest Kartik Saxena, making him the prime suspect in a seemingly open-and-shut murder case. But as the courtroom battle begins, every testimony uncovers new questions instead of answers. Hidden relationships, conflicting statements, and buried secrets gradually transform a simple murder trial into a gripping mystery where nothing is as it appears. Beyond the suspense, the film also explores a thought-provoking question: Have marriage and legal battles become a silent punishment for some innocent men, or is the truth far more complex than it seems? With every hearing, the truth becomes more elusive, and just when the verdict seems certain, an unexpected twist changes the entire direction of the case. A taut courtroom suspense thriller that keeps the audience guessing until the very last moment.",Thriller,,"Akshay Oberoi, Heli Daruwala, Kabir Duhan Singh, Vijayant Kohli, Hemant Pandey",Arvind Pandey,0.0,0,6.9258,hi,/v4OkeQDiO1OnGJxBfiYAaO89472.jpg,"when a young woman, bharani verma, is found dead under mysterious circumstances, the police quickly arrest kartik saxena, making him the prime suspect in a seemingly open-and-shut murder case. but as the courtroom battle begins, every testimony uncovers new questions instead of answers. hidden relationships, conflicting statements, and buried secrets gradually transform a simple murder trial into a gripping mystery where nothing is as it appears. beyond the suspense, the film also explores a thought-provoking question: have marriage and legal battles become a silent punishment for some innocent men, or is the truth far more complex than it seems? with every hearing, the truth becomes more elusive, and just when the verdict seems certain, an unexpected twist changes the entire direction of the case. a taut courtroom suspense thriller that keeps the audience guessing until the very last moment. thriller  akshay oberoi, heli daruwala, kabir duhan singh, vijayant kohli, hemant pandey arvind pandey"
1522333,Carry On Jatta 4,movie,A romantic deception spirals into household chaos when a family must construct an elaborate web of lies to conceal a secret relationship.,Comedy,,"Gippy Grewal, Binnu Dhillon, Jaswinder Bhalla, Karamjit Anmol, Sargun Mehta",Smeep Kang,7.0,2,7.1398,pa,/bKa9qAg71Kkjz0tOT1gxSAX9Nfv.jpg,"a romantic deception spirals into household chaos when a family must construct an elaborate web of lies to conceal a secret relationship. comedy  gippy grewal, binnu dhillon, jaswinder bhalla, karamjit anmol, sargun mehta smeep kang"
1576223,Rage,movie,"Anbu, a taxi driver from Kannagi Nagar, meets Regina, a mute IT employee, during his regular trips and falls for her. When he learns about her troubled personal life, he suppresses his feelings. One night, Regina dies in what appears to be an accident—but soon, it’s revealed to be a planned murder. Shockingly, multiple unconnected people are involved. RAGE follows Anbu’s journey to uncover the truth behind Regina’s death and the tangled motives that led to it.",Thriller,,"Shan, Shirley Babithra, Saravanan, Munishkanth, Ramachandran Durairaj",Sivanesan,0.0,0,6.5469,ta,/AkHcgW99FWcbJWKh7zmbxQaIDMf.jpg,"anbu, a taxi driver from kannagi nagar, meets regina, a mute it employee, during his regular trips and falls for her. when he learns about her troubled personal life, he suppresses his feelings. one night, regina dies in what appears to be an accident—but soon, it’s revealed to be a planned murder. shockingly, multiple unconnected people are involved. rage follows anbu’s journey to uncover the truth behind regina’s death and the tangled motives that led to it. thriller  shan, shirley babithra, saravanan, munishkanth, ramachandran durairaj sivanesan"
1160018,KILL,movie,"When an army commando finds out his true love is engaged against her will, he boards a New Dehli-bound train in a daring quest to derail the arranged marriage. But when a gang of knife-wielding thieves begin to terrorize innocent passengers on his train, the commando takes them on, one by one.","Action, Crime, Thriller","train, one man army, relationship, train robbery, aggressive, action hero, high octane","Lakshya, Raghav Juyal, Tanya Maniktala, Ashish Vidhyarthi, Abhishek Chauhan",Nikhil Nagesh Bhat,7.166,543,7.8977,hi,/m2zXTuNPkywdYLyWlVyJZW2QOJH.jpg,"when an army commando finds out his true love is engaged against her will, he boards a new dehli-bound train in a daring quest to derail the arranged marriage. but when a gang of knife-wielding thieves begin to terrorize innocent passengers on his train, the commando takes them on, one by one. action, crime, thriller train, one man army, relationship, train robbery, aggressive, action hero, high octane lakshya, raghav juyal, tanya maniktala, ashish vidhyarthi, abhishek chauhan nikhil nagesh bhat"
1081422,Kunwari Dulhan,movie,Kunwari Dulhan is a Hindi thriller starring Prem Leela and Reena.,"Thriller, Drama",,"Kaduvakulam Antony, Prem Leela, Reena",,0.0,0,6.2429,hi,/uYNadPUxOtyaMetqz0zhOtueTz1.jpg,"kunwari dulhan is a hindi thriller starring prem leela and reena. thriller, drama  kaduvakulam antony, prem leela, reena "
1428418,D56,movie,,"Action, Drama","priest, rural life, rural india","Dhanush, Preity Mukhundhan, Vadivelu, S. J. Suryah, Vijay Kumar",Tamizharasan Pachamuthu,0.0,0,5.8792,ta,," action, drama priest, rural life, rural india dhanush, preity mukhundhan, vadivelu, s. j. suryah, vijay kumar tamizharasan pachamuthu"
350312,Bāhubali 2: The Conclusion,movie,"When Mahendra, the son of Bāhubali, learns about his heritage, he begins to look for answers. His story is juxtaposed with past events that unfolded in the Mahishmati Kingdom.","Action, Adventure, Fantasy","kingdom, bilingual","Prabhas, Rana Daggubati, Anushka Shetty, Sathyaraj, Nassar",S. S. Rajamouli,7.499,889,5.6817,te,/21sC2assImQIYCEDA84Qh9d1RsK.jpg,"when mahendra, the son of bāhubali, learns about his heritage, he begins to look for answers. his story is juxtaposed with past events that unfolded in the mahishmati kingdom. action, adventure, fantasy kingdom, bilingual prabhas, rana daggubati, anushka shetty, sathyaraj, nassar s. s. rajamouli"
1239134,Bhooth Bangla,movie,"A man inherits a palace in rural Mangalpur and plans his sister's wedding there, but strange supernatural events and panicked locals force him to investigate the property's mysterious past.","Horror, Comedy","haunted house, black magic, based on myths, legends or folklore, supernatural horror, indian mythology, comedy horror, supernatural comedy","Akshay Kumar, Wamiqa Gabbi, Paresh Rawal, Tabu, Jisshu Sengupta",Priyadarshan,5.553,66,6.2686,hi,/ArIS4vwUxdhm3j7tsTHmffdfU8W.jpg,"a man inherits a palace in rural mangalpur and plans his sister's wedding there, but strange supernatural events and panicked locals force him to investigate the property's mysterious past. horror, comedy haunted house, black magic, based on myths, legends or folklore, supernatural horror, indian mythology, comedy horror, supernatural comedy akshay kumar, wamiqa gabbi, paresh rawal, tabu, jisshu sengupta priyadarshan"
1511417,Bāhubali: The Epic,movie,"When a mysterious child is found by a tribal couple near a roaring waterfall, they raise him as their own. As he grows, Sivudu is drawn to the world beyond the cliffs, where he discovers the ancient kingdom of Mahishmati, ruled by a cruel tyrant, haunted by rebellion, and bound to his past. What begins as a quest for love soon unravels a legacy of betrayal, sacrifice, and a forgotten prince.","Action, Drama","affectation, flashback, revenge, alternate history, historical fiction, fratricide, ancient india, regicide, multi generational, absurd, hindu shiva, multiple timelines, remastered, epic film, director's cut","Prabhas, Rana Daggubati, Anushka Shetty, Ramya Krishnan, Sathyaraj",S. S. Rajamouli,6.4,43,6.1234,te,/z9YIo2qscyaXYgRqIdRJtND3bw8.jpg,"when a mysterious child is found by a tribal couple near a roaring waterfall, they raise him as their own. as he grows, sivudu is drawn to the world beyond the cliffs, where he discovers the ancient kingdom of mahishmati, ruled by a cruel tyrant, haunted by rebellion, and bound to his past. what begins as a quest for love soon unravels a legacy of betrayal, sacrifice, and a forgotten prince. action, drama affectation, flashback, revenge, alternate history, historical fiction, fratricide, ancient india, regicide, multi generational, absurd, hindu shiva, multiple timelines, remastered, epic film, director's cut prabhas, rana daggubati, anushka shetty, ramya krishnan, sathyaraj s. s. rajamouli"
872906,Jawan,movie,"An emotional journey of a prison warden, driven by a personal vendetta while keeping up to a promise made years ago, recruits inmates to commit outrageous crimes that shed light on corruption and injustice, in an attempt to get even with his past,  and that leads him to an unexpected reunion.","Action, Thriller","revenge, vigilantism, political, admiring","Shah Rukh Khan, Nayanthara, Vijay Sethupathi, Deepika Padukone, Sanjay Dutt",Atlee,7.042,354,6.1541,hi,/jFt1gS4BGHlK8xt76Y81Alp4dbt.jpg,"an emotional journey of a prison warden, driven by a personal vendetta while keeping up to a promise made years ago, recruits inmates to commit outrageous crimes that shed light on corruption and injustice, in an attempt to get even with his past,  and that leads him to an unexpected reunion. action, thriller revenge, vigilantism, political, admiring shah rukh khan, nayanthara, vijay sethupathi, deepika padukone, sanjay dutt atlee"
1542352,Youth,movie,"Youth follows Praveen, a 15-year-old boy who enters adolescence determined to find true love before school ends. As he goes through multiple relationships and heartbreaks, he slowly begins to understand what love truly means. Along the way, the experiences shape his growth, maturity, and outlook on life.","Comedy, Romance, Drama",,"Ken Karunaas, Anishma Anilkumar, Suraj Venjaramoodu, Devadarshini, Meenakshi Dinesh",Ken Karunaas,6.9,22,5.6138,ta,/odMKGyeC2rGuvr3Yy7S8txD0sFx.jpg,"youth follows praveen, a 15-year-old boy who enters adolescence determined to find true love before school ends. as he goes through multiple relationships and heartbreaks, he slowly begins to understand what love truly means. along the way, the experiences shape his growth, maturity, and outlook on life. comedy, romance, drama  ken karunaas, anishma anilkumar, suraj venjaramoodu, devadarshini, meenakshi dinesh ken karunaas"
1515692,Baththa,movie,"In 1986 Madras, a timid eight-year-old boy accidentally traps a feared gangster inside a deserted school toilet. As the gangster is forced to confront hunger, loneliness and his own vulnerability, an unlikely bond begins to grow between the two, changing their lives forever.","Thriller, Drama",,"Vijay Sethupathi, Lijomol Jose, Santhy Balachandran, Vishnu Govindan, Arjun Chidambaram",Balaji Tharaneetharan,7.0,1,6.693,ta,/cWY636zXGECkRHbrqhQdFyP9n69.jpg,"in 1986 madras, a timid eight-year-old boy accidentally traps a feared gangster inside a deserted school toilet. as the gangster is forced to confront hunger, loneliness and his own vulnerability, an unlikely bond begins to grow between the two, changing their lives forever. thriller, drama  vijay sethupathi, lijomol jose, santhy balachandran, vishnu govindan, arjun chidambaram balaji tharaneetharan"
360814,Dangal,movie,"Dangal is an extraordinary true story based on the life of Mahavir Singh and his two daughters, Geeta and Babita Phogat. The film traces the inspirational journey of a father who trains his daughters to become world class wrestlers.","Drama, Family, Comedy","small town, strong woman, sports, parent child relationship, empowerment, abusive father, feminism, wrestling, training, biography, autobiography, domestic abuse, fighting, womanhood, endurance, woman vs woman fight, female empowerment, determination, strength training, overcoming fears, father daughter relationship, cheerful, excited","Aamir Khan, Fatima Sana Shaikh, Sanya Malhotra, Zaira Wasim, Suhani Bhatnagar",Nitesh Tiwari,7.865,1225,5.8545,hi,/cJRPOLEexI7qp2DKtFfCh7YaaUG.jpg,"dangal is an extraordinary true story based on the life of mahavir singh and his two daughters, geeta and babita phogat. the film traces the inspirational journey of a father who trains his daughters to become world class wrestlers. drama, family, comedy small town, strong woman, sports, parent child relationship, empowerment, abusive father, feminism, wrestling, training, biography, autobiography, domestic abuse, fighting, womanhood, endurance, woman vs woman fight, female empowerment, determination, strength training, overcoming fears, father daughter relationship, cheerful, excited aamir khan, fatima sana shaikh, sanya malhotra, zaira wasim, suhani bhatnagar nitesh tiwari"
783,Gandhi,movie,"In the early years of the 20th century, Mohandas K. Gandhi, a British-trained lawyer, forsakes all worldly possessions to take up the cause of Indian independence. Faced with armed resistance from the British government, Gandhi adopts a policy of 'passive resistance', endeavouring to win freedom for his people without resorting to bloodshed.","Drama, History","muslim, strike, prayer, freedom, independence, release from prison, demonstration, world war ii, imprisonment, colony, hunger strike, hindu, british army, political negotiations, conference, nonviolent resistance, apartheid, british empire, protest, independence movement, biography, idealism, based on true story, idealist, fighting the system","Ben Kingsley, Candice Bergen, Edward Fox, John Gielgud, Trevor Howard",Richard Attenborough,7.558,2580,6.4743,en,/rOXftt7SluxskrFrvU7qFJa5zeN.jpg,"in the early years of the 20th century, mohandas k. gandhi, a british-trained lawyer, forsakes all worldly possessions to take up the cause of indian independence. faced with armed resistance from the british government, gandhi adopts a policy of 'passive resistance', endeavouring to win freedom for his people without resorting to bloodshed. drama, history muslim, strike, prayer, freedom, independence, release from prison, demonstration, world war ii, imprisonment, colony, hunger strike, hindu, british army, political negotiations, conference, nonviolent resistance, apartheid, british empire, protest, independence movement, biography, idealism, based on true story, idealist, fighting the system ben kingsley, candice bergen, edward fox, john gielgud, trevor howard richard attenborough"
1220538,Pooja Meri Jaan,movie,"After Pooja rejects Aniket’s romantic advances, his subsequent death by suicide leaves her facing accusations. As lawyer and friend Sana investigates the circumstances surrounding the incident, questions of obsession, consent, responsibility and the truth behind Pooja’s relationship with Aniket begin to emerge.","Thriller, Crime, Romance",,"Mrunal Thakur, Huma Qureshi, Vikram Singh Chauhan, Vijay Raaz, Sunita Rajwar",Navjot Gulati,0.0,0,5.9418,hi,/g6JmYwvEopRlHCV1NykM5NjSPrw.jpg,"after pooja rejects aniket’s romantic advances, his subsequent death by suicide leaves her facing accusations. as lawyer and friend sana investigates the circumstances surrounding the incident, questions of obsession, consent, responsibility and the truth behind pooja’s relationship with aniket begin to emerge. thriller, crime, romance  mrunal thakur, huma qureshi, vikram singh chauhan, vijay raaz, sunita rajwar navjot gulati"
1403735,Laila,movie,"Sonu Model, a renowned beautician from the old city, is forced to disguise himself as Laila, leading to a series of comedic, romantic, and action-packed events. Chaos ensues in this hilarious laugh riot","Comedy, Romance",,"Vishwak Sen, Akanksha Sharma, Babloo Prithiveeraj, Abhimanyu Singh, Vineet Kumar",Ram Narayan,5.2,8,5.9245,te,/aFogllaRGlAhk1nqvVGFpZpl4qU.jpg,"sonu model, a renowned beautician from the old city, is forced to disguise himself as laila, leading to a series of comedic, romantic, and action-packed events. chaos ensues in this hilarious laugh riot comedy, romance  vishwak sen, akanksha sharma, babloo prithiveeraj, abhimanyu singh, vineet kumar ram narayan"
811941,Devara: Part 1,movie,"A mighty warrior takes a stand against the criminal deeds of his village, while his mild-mannered son grows up to walk his own path.","Drama, Action","sea, ship, red sea, boat, revenge, fear, battle, unassuming, swords, ships, violence, boats","N.T. Rama Rao Jr., Saif Ali Khan, Prakash Raj, Srikanth, Kalaiyarasan",Koratala Siva,6.8,225,5.9095,te,/lQfuaXjANoTsdx5iS0gCXlK9D2L.jpg,"a mighty warrior takes a stand against the criminal deeds of his village, while his mild-mannered son grows up to walk his own path. drama, action sea, ship, red sea, boat, revenge, fear, battle, unassuming, swords, ships, violence, boats n.t. rama rao jr., saif ali khan, prakash raj, srikanth, kalaiyarasan koratala siva"
1088615,Anaagarigam,movie,Story of a newly married professor who suffers his whole life for having an affair with his student.,"Drama, Romance",b-grade,"Vibhu Raman, Prajwal Poovaiah, Waheeda, Babilona, Rishikesh",Krishna Devan,8.0,2,5.8627,ta,/jIgp8rJNMcISZfXmeIKjn0qf0Nr.jpg,"story of a newly married professor who suffers his whole life for having an affair with his student. drama, romance b-grade vibhu raman, prajwal poovaiah, waheeda, babilona, rishikesh krishna devan"
949468,Ayiram Muthangal,movie,"Murali and Shakthi are in love with each other. But unfortunately, his father disapproves of their relationship and he is forced to marry another woman.",Romance,,"Sivakumar, Radha, Jose, Charu Haasan, Y. G. Mahendran",Devaraj,0.0,0,5.827,ta,,"murali and shakthi are in love with each other. but unfortunately, his father disapproves of their relationship and he is forced to marry another woman. romance  sivakumar, radha, jose, charu haasan, y. g. mahendran devaraj"
262414,Agathiyar,movie,"In an adventurous journey of spreading goodness on earth and by contributing to Tamil literature, Sage Agathiyar faces challenges at various phases of his journey.",Drama,,"Gemini Ganesan, R. S. Manohar, R. Muthuraman, Lakshmi, Devika",A. P. Nagarajan,9.0,1,5.7713,ta,,"in an adventurous journey of spreading goodness on earth and by contributing to tamil literature, sage agathiyar faces challenges at various phases of his journey. drama  gemini ganesan, r. s. manohar, r. muthuraman, lakshmi, devika a. p. nagarajan"
1774067,Gaandharvam,movie,,Drama,,"Prem Nazir, Vincent, Adoor Bhasi, Bahadoor, Major Sundarrajan",B K Pottekkadu,0.0,0,5.7458,ml,," drama  prem nazir, vincent, adoor bhasi, bahadoor, major sundarrajan b k pottekkadu"
1773981,Itho Enthan Deivam,movie,"An old lady finds a newborn baby abandoned in a dustbin, so she decides to take care of him. The boy, Rajalingam, grows up into a kindhearted but the most wanted criminal.",Drama,,"K R Vijaya, R. Muthuraman, Major Sundarrajan, R. S. Manohar, V. K. Ramasamy",A. C. Tirulokchandar,0.0,0,5.7228,ta,,"an old lady finds a newborn baby abandoned in a dustbin, so she decides to take care of him. the boy, rajalingam, grows up into a kindhearted but the most wanted criminal. drama  k r vijaya, r. muthuraman, major sundarrajan, r. s. manohar, v. k. ramasamy a. c. tirulokchandar"
781732,Animal,movie,The hardened son of a powerful industrialist returns home after years abroad and vows to take bloody revenge on those threatening his father's life.,"Action, Crime, Drama","fistfight, shootout, held at gunpoint, machine gun, hand to hand combat, action hero, father son conflict, complex relationship","Ranbir Kapoor, Rashmika Mandanna, Anil Kapoor, Bobby Deol, Triptii Dimri",Sandeep Reddy Vanga,6.1,211,5.6214,hi,/hr9rjR3J0xBBKmlJ4n3gHId9ccx.jpg,"the hardened son of a powerful industrialist returns home after years abroad and vows to take bloody revenge on those threatening his father's life. action, crime, drama fistfight, shootout, held at gunpoint, machine gun, hand to hand combat, action hero, father son conflict, complex relationship ranbir kapoor, rashmika mandanna, anil kapoor, bobby deol, triptii dimri sandeep reddy vanga"
1446616,Tu Yaa Main,movie,"A wannabe rapper from the outskirts of Mumbai and an affluent influencer elope to a coastal town, only to find themselves trapped in the pool of a derelict resort fighting for survival against the wrath of a ferocious crocodile.","Thriller, Romance","hip-hop, rapper, creature feature, based on movie, content creators, survival thriller, official adaptation","Adarsh Gourav, Shanaya Kapoor, Kshitee Jog, Parul Gulati, Ansh Chopra",Bejoy Nambiar,6.419,62,5.5755,hi,/nUPnA0I1MTaZRVCsUQc5DS5JA8W.jpg,"a wannabe rapper from the outskirts of mumbai and an affluent influencer elope to a coastal town, only to find themselves trapped in the pool of a derelict resort fighting for survival against the wrath of a ferocious crocodile. thriller, romance hip-hop, rapper, creature feature, based on movie, content creators, survival thriller, official adaptation adarsh gourav, shanaya kapoor, kshitee jog, parul gulati, ansh chopra bejoy nambiar"
1774053,Jeevikkan Anuvadikku,movie,,Drama,,"Prem Nazir, T. S. Muthaiah, Kottarakkara Sreedharan Nair, T. K. Balachandran, Adoor Bhasi",P. A. Thomas,0.0,0,5.5135,ml,," drama  prem nazir, t. s. muthaiah, kottarakkara sreedharan nair, t. k. balachandran, adoor bhasi p. a. thomas"
1774080,Kumari Pennin Ullathile,movie,"Devi Bala is an actress and is loved by a famous actor, Chandra Kumar and even more dearly by her manager Balu. However, Devi falls in love with a commoner, Sivaraj. Whom she chooses forms the story.",Drama,,"K. Bhagyaraj, Radhika Sarathkumar, Vijay Babu, L. Nalini",Ra. Sankaran,0.0,0,5.5093,ta,,"devi bala is an actress and is loved by a famous actor, chandra kumar and even more dearly by her manager balu. however, devi falls in love with a commoner, sivaraj. whom she chooses forms the story. drama  k. bhagyaraj, radhika sarathkumar, vijay babu, l. nalini ra. sankaran"
1225915,Jewel Thief - The Heist Begins,movie,"In this high-octane battle of wits and wills, ingenious con artist Rehan devises a diamond heist while trying to outsmart Rajan, his sadistic adversary.","Action, Thriller",audacious,"Saif Ali Khan, Jaideep Ahlawat, Nikita Dutta, Kunal Kapoor, Kulbhushan Kharbanda",Robby Grewal,6.6,96,5.5085,hi,/eujLbO0kf1eqWC8XpHUJdtAVW2J.jpg,"in this high-octane battle of wits and wills, ingenious con artist rehan devises a diamond heist while trying to outsmart rajan, his sadistic adversary. action, thriller audacious saif ali khan, jaideep ahlawat, nikita dutta, kunal kapoor, kulbhushan kharbanda robby grewal"
1136736,Lust Stories 2,movie,"Four eminent Indian directors explore sex, desire and love through short films in this sequel to 2018's Emmy-nominated 'Lust Stories'.","Romance, Drama","anthology, love, lust","Neena Gupta, Mrunal Thakur, Tamannaah Bhatia, Kajol, Angad Bedi",Konkona Sen Sharma,5.6,62,5.4859,hi,/p5x729JI6wZs9hCqX7tc7oH87ih.jpg,"four eminent indian directors explore sex, desire and love through short films in this sequel to 2018's emmy-nominated 'lust stories'. romance, drama anthology, love, lust neena gupta, mrunal thakur, tamannaah bhatia, kajol, angad bedi konkona sen sharma"
304910,Akkarai Pachchai,movie,,Drama,,"Jaishankar, Ravichandran, Lakshmi, Nagesh, Savitri",N. Venkatesh,0.0,0,5.4845,ta,," drama  jaishankar, ravichandran, lakshmi, nagesh, savitri n. venkatesh"
1339876,Mardaani 3,movie,"Officer Shivani Shivaji Roy returns to hunt down those behind the disappearance of young girls, risking everything to bring them back alive.","Action, Crime, Thriller",,"Rani Mukerji, Mallika Prasad, Janki Bodiwala, Jisshu Sengupta, Mikhail Yawalkar",Abhiraj Minawala,7.6,44,5.4698,hi,/dHxLBtHw4InwsVumnthupZYz6NM.jpg,"officer shivani shivaji roy returns to hunt down those behind the disappearance of young girls, risking everything to bring them back alive. action, crime, thriller  rani mukerji, mallika prasad, janki bodiwala, jisshu sengupta, mikhail yawalkar abhiraj minawala"
1776034,Eyes,movie,A doctor husband wants to make his wife go blind by putting drops that would harm her eyes making her believe that it would improve her eyesight. The purpose is to marry his wife's sister.,Drama,,"Sivaji Ganesan, Pandari Bai, S. V. Sahasranamam, Mynavathi, V. K. Ramasamy",R. Krishnan,0.0,0,5.4413,en,/AoHo9tVjZBhIcnBsFmtaa0rsoNN.jpg,"a doctor husband wants to make his wife go blind by putting drops that would harm her eyes making her believe that it would improve her eyesight. the purpose is to marry his wife's sister. drama  sivaji ganesan, pandari bai, s. v. sahasranamam, mynavathi, v. k. ramasamy r. krishnan"
1109086,War 2,movie,"Years ago Agent Kabir went rogue, became India’s greatest villain ever.  As he descends further into the deepest shadows... India sends its deadliest, most lethal agent after him, Agent Vikram  A Special Units Officer who is more than Kabir’s equal and a relentless Terminator driven by his own demons, determined to put a bullet into Kabir’s skull.","Action, Thriller, Adventure",,"N.T. Rama Rao Jr., Hrithik Roshan, Kiara Advani, Ashutosh Rana, Anil Kapoor",Ayan Mukerji,6.0,74,5.4342,hi,/2Yc8Kl2ldPpDzLrG2M5Ddv62FXB.jpg,"years ago agent kabir went rogue, became india’s greatest villain ever.  as he descends further into the deepest shadows... india sends its deadliest, most lethal agent after him, agent vikram  a special units officer who is more than kabir’s equal and a relentless terminator driven by his own demons, determined to put a bullet into kabir’s skull. action, thriller, adventure  n.t. rama rao jr., hrithik roshan, kiara advani, ashutosh rana, anil kapoor ayan mukerji"
1083637,Kantara - A Legend: Chapter 1,movie,"During the Kadamba reign, King Vijayendra, the ruler of the fictional feudatory land of Bangra, meets his final fate while venturing into the mystical forest of Kantara. Witnessing this, his son Rajashekara seals the borders of their realm. Later, Prince Kulashekara reopens them through a brutal massacre. The protagonist, Berme, in search of prosperity, crosses the divide and ignites a conflict of faith, power, and destiny between the Kingdom and Nature.","Action, Drama, Fantasy",,"Rishab Shetty, Rukmini Vasanth, Jayaram, Gulshan Devaiah, Ramitha Shailendra",Rishab Shetty,7.3,99,5.4256,kn,/ehQPboTPaIMkMUOoNOh8e7pZ5Rp.jpg,"during the kadamba reign, king vijayendra, the ruler of the fictional feudatory land of bangra, meets his final fate while venturing into the mystical forest of kantara. witnessing this, his son rajashekara seals the borders of their realm. later, prince kulashekara reopens them through a brutal massacre. the protagonist, berme, in search of prosperity, crosses the divide and ignites a conflict of faith, power, and destiny between the kingdom and nature. action, drama, fantasy  rishab shetty, rukmini vasanth, jayaram, gulshan devaiah, ramitha shailendra rishab shetty"
20364,Hulchul,movie,"A man and woman from feuding families each pretend to fall in love, as part of a revenge plot. Chaos ensues when their fake romance becomes a reality.","Romance, Comedy",remake,"Akshaye Khanna, Kareena Kapoor Khan, Suniel Shetty, Paresh Rawal, Jackie Shroff",Priyadarshan,6.6,77,5.4129,hi,/ve6YjkjNAbY2r2djFxrw6v9IXfy.jpg,"a man and woman from feuding families each pretend to fall in love, as part of a revenge plot. chaos ensues when their fake romance becomes a reality. romance, comedy remake akshaye khanna, kareena kapoor khan, suniel shetty, paresh rawal, jackie shroff priyadarshan"
1773972,Karuppu Panam,movie,"Thanikachalam lives a dual life of a businessman and the leader of a gang that extorts money from rich people. However, he decides to confess the true motive behind his criminal acts.","Crime, Drama",,"T. S. Balaiah, K R Vijaya, K. Sarangapani, Sheela, K. Balaji",G. R. Nathan,0.0,0,5.4073,ta,,"thanikachalam lives a dual life of a businessman and the leader of a gang that extorts money from rich people. however, he decides to confess the true motive behind his criminal acts. crime, drama  t. s. balaiah, k r vijaya, k. sarangapani, sheela, k. balaji g. r. nathan"
1433117,Kara,movie,"A thief tries to go straight, but when predatory banks trap his father in debt, he returns to crime — with a determined cop closing in on his trail.","Crime, Drama, Thriller, Action","gulf war, robin hood, heist, thief, bank heist, cotton farmer, farmers exploitation, money heist, helping people, farmers","Dhanush, Karunas, Jayaram, K. S. Ravikumar, Suraj Venjaramoodu",Vignesh Raja,5.9,33,5.391,ta,/uIrFdMWlJFdc1jPBP9bxeaISCDj.jpg,"a thief tries to go straight, but when predatory banks trap his father in debt, he returns to crime — with a determined cop closing in on his trail. crime, drama, thriller, action gulf war, robin hood, heist, thief, bank heist, cotton farmer, farmers exploitation, money heist, helping people, farmers dhanush, karunas, jayaram, k. s. ravikumar, suraj venjaramoodu vignesh raja"
256040,Bāhubali: The Beginning,movie,"The young Shivudu is left as a foundling in a small village by his mother. By the time he’s grown up, it has become apparent that he possesses exceptional gifts. He meets the beautiful warrior princess Avanthika and learns that her queen has been held captive for the last 25 years. Shividu sets off to rescue her, discovering his own origins in the process.","Action, Drama","kingdom, medieval india, ancient india, bilingual","Prabhas, Rana Daggubati, Tamannaah Bhatia, Anushka Shetty, Ramya Krishnan",S. S. Rajamouli,7.556,968,5.3877,te,/9BAjt8nSSms62uOVYn1t3C3dVto.jpg,"the young shivudu is left as a foundling in a small village by his mother. by the time he’s grown up, it has become apparent that he possesses exceptional gifts. he meets the beautiful warrior princess avanthika and learns that her queen has been held captive for the last 25 years. shividu sets off to rescue her, discovering his own origins in the process. action, drama kingdom, medieval india, ancient india, bilingual prabhas, rana daggubati, tamannaah bhatia, anushka shetty, ramya krishnan s. s. rajamouli"
1516102,Sri Sri,movie,"He loved a girl with no past and gave her a future ....Now destiny returns to take her back , steeped in a forgotten life , buried memories and claims he cannot disprove, caught between destiny and love , she must decide what truly means","Romance, Drama",,"Dulquer Salmaan, Pooja Hegde, Dheekshith Shetty, Vinali Bhatnagar, Ramya Krishnan",Ravi Nelakuditi,0.0,0,5.3765,te,/7AQb1cvO1PC2rFSNHIsKagXRNav.jpg,"he loved a girl with no past and gave her a future ....now destiny returns to take her back , steeped in a forgotten life , buried memories and claims he cannot disprove, caught between destiny and love , she must decide what truly means romance, drama  dulquer salmaan, pooja hegde, dheekshith shetty, vinali bhatnagar, ramya krishnan ravi nelakuditi"
1774070,Kaalam Kaathu Ninnilla,movie,,Drama,,"Prem Nazir, Raghavan, Vijayaraj, Sankaradi, Poojappura Ravi",A. B. Raj,0.0,0,5.3551,ml,," drama  prem nazir, raghavan, vijayaraj, sankaradi, poojappura ravi a. b. raj"
718833,Bokshi,movie,"Anahita, traumatised by the brutal disappearance of her mother, finds comfort in Shalini, her history teacher. On an unconventional school excursion to a mysterious prehistoric site, she confronts her terrifying destiny.","Horror, Drama","folk horror, independent film, fantasy","Prasanna Bisht, Mansi Multani, Swaroopa Ghosh, Rohit Tiwari, Sandeep Shridhar Dhabale",Bhargav Saikia,0.0,0,5.3534,hi,/iHYu4aCDIjnt6aa5WmKZvmDPJvh.jpg,"anahita, traumatised by the brutal disappearance of her mother, finds comfort in shalini, her history teacher. on an unconventional school excursion to a mysterious prehistoric site, she confronts her terrifying destiny. horror, drama folk horror, independent film, fantasy prasanna bisht, mansi multani, swaroopa ghosh, rohit tiwari, sandeep shridhar dhabale bhargav saikia"
7508,Like Stars on Earth,movie,"Ishaan Awasthi is an eight-year-old whose world is filled with wonders that no one else seems to appreciate. Colours, fish, dogs, and kites don't seem important to the adults, who are much more interested in things like homework, marks, and neatness. Ishaan cannot seem to get anything right in class; he is then sent to boarding school, where his life changes forever.",Drama,"jealousy, parent child relationship, boarding school, painter, father, dyslexia, teacher, little boy, india, childhood, teachers and students, hopeful, melodramatic","Darsheel Safary, Aamir Khan, Tisca Chopra, Vipin Sharma, Tanay Chheda",Aamir Khan,7.989,1417,5.3415,hi,/puHRt6Raovm5ujGCdwLWvRv4NHU.jpg,"ishaan awasthi is an eight-year-old whose world is filled with wonders that no one else seems to appreciate. colours, fish, dogs, and kites don't seem important to the adults, who are much more interested in things like homework, marks, and neatness. ishaan cannot seem to get anything right in class; he is then sent to boarding school, where his life changes forever. drama jealousy, parent child relationship, boarding school, painter, father, dyslexia, teacher, little boy, india, childhood, teachers and students, hopeful, melodramatic darsheel safary, aamir khan, tisca chopra, vipin sharma, tanay chheda aamir khan"
263707,Kaanchi Thalaivan,movie,,"History, Action, Drama",,"M. G. Ramachandran, Bhanumathi, S. S. Rajendran, M. R. Radha, S. A. Asokan",A. Kasilingam,0.0,0,5.3172,ta,," history, action, drama  m. g. ramachandran, bhanumathi, s. s. rajendran, m. r. radha, s. a. asokan a. kasilingam"
38301,The Japanese Wife,movie,"Snehmoy and Miyage are pen friends who exchange wedding vows through letters. Fifteen years pass but they never meet. Yet the bond of marriage is strong between them. This unusual relationship comes under a cloud when a young widow, Sandhya, comes to stay with Snehmoy along with her eight-year-old son Poltu. Snehmoy and the little boy bond and the arithmetic teacher discovers the joy of palpable bonds and fatherhood. There develops an inexplicable thread of understanding with Sandhya too. But Snehmoy remained loyal to his unseen Japanese wife.","Drama, Romance",woman director,"Rahul Bose, Chigusa Takaku, Raima Sen, Moushumi Chatterjee, Paran Banerjee",Aparna Sen,6.6,23,5.2902,bn,/cf9VYWeZi009WX2X2ePPn5CwANB.jpg,"snehmoy and miyage are pen friends who exchange wedding vows through letters. fifteen years pass but they never meet. yet the bond of marriage is strong between them. this unusual relationship comes under a cloud when a young widow, sandhya, comes to stay with snehmoy along with her eight-year-old son poltu. snehmoy and the little boy bond and the arithmetic teacher discovers the joy of palpable bonds and fatherhood. there develops an inexplicable thread of understanding with sandhya too. but snehmoy remained loyal to his unseen japanese wife. drama, romance woman director rahul bose, chigusa takaku, raima sen, moushumi chatterjee, paran banerjee aparna sen"
720557,Tiger 3,movie,Spy couple Tiger and Zoya face a ruthless enemy with a personal vendetta.,"Action, Adventure, Thriller",intense,"Salman Khan, Katrina Kaif, Emraan Hashmi, Simran, Revathi",Maneesh Sharma,5.6,68,5.2894,hi,/7wgED7Yx9VLcNWSO91VgwicHmMD.jpg,"spy couple tiger and zoya face a ruthless enemy with a personal vendetta. action, adventure, thriller intense salman khan, katrina kaif, emraan hashmi, simran, revathi maneesh sharma"
1241634,Saiyaara,movie,"Two artistic souls find harmony through music despite their contrasting worlds. As feelings deepen, age and circumstances challenge their undeniable bond.","Romance, Drama, Music","romantic, romance musical, young adult romance","Ahaan Panday, Aneet Padda, Alam Khan, Rajesh Kumar, Geeta Agrawal Sharma",Mohit Suri,6.4,152,5.289,hi,/hQBIsi3ZfBYEayMc3GhcEmJVkss.jpg,"two artistic souls find harmony through music despite their contrasting worlds. as feelings deepen, age and circumstances challenge their undeniable bond. romance, drama, music romantic, romance musical, young adult romance ahaan panday, aneet padda, alam khan, rajesh kumar, geeta agrawal sharma mohit suri"
1777049,Bravo Satyam!,movie,"Satyam, who works at his uncle Dayanand's cancer research facility, falls in love with Dayanand's daughter Chaya, but her family has different plans for Chaya. Chaya's relatives set up a lab accident, and Satyam is turned invisible. Now Satyam must find a way to become visible again and win his love.",Science Fiction,"laboratory, invisibility, experimental drug, invisible man, science experiment","Krishna, Rajasree, Kaikala Satyanarayana, Vijayalalitha, Nagabhushanam",G. Viswanathan,0.0,0,5.2698,te,,"satyam, who works at his uncle dayanand's cancer research facility, falls in love with dayanand's daughter chaya, but her family has different plans for chaya. chaya's relatives set up a lab accident, and satyam is turned invisible. now satyam must find a way to become visible again and win his love. science fiction laboratory, invisibility, experimental drug, invisible man, science experiment krishna, rajasree, kaikala satyanarayana, vijayalalitha, nagabhushanam g. viswanathan"
1250502,I'm Game,movie,A fearless gambler who trusts luck more than life gets caught in a series of crazy and unexpected events that turn his world upside down.,"Action, Thriller, Drama","sports gambling, joyful, sports betting","Dulquer Salmaan, Kayadu Lohar, Antony Varghese, Mysskin, Kathir",Nahas Hidayath,8.3,3,5.2599,ml,/h1ezPKcMYv5FHbHDuHcZfTbWTY5.jpg,"a fearless gambler who trusts luck more than life gets caught in a series of crazy and unexpected events that turn his world upside down. action, thriller, drama sports gambling, joyful, sports betting dulquer salmaan, kayadu lohar, antony varghese, mysskin, kathir nahas hidayath"
1773968,Vaa Raja Vaa,movie,"Raja is a young tourist guide who impresses everyone with his work ethic. A rich man adopts him subsequently. Later, he plans to get rid of him as he faces losses in his business due to Raja's entry.",Drama,children's films,"Master Prabhakar, Sumathi, Sirkazhi Govindarajan, V. S. Raghavan, K. D. Santhanam",A. P. Nagarajan,0.0,0,5.2474,ta,,"raja is a young tourist guide who impresses everyone with his work ethic. a rich man adopts him subsequently. later, he plans to get rid of him as he faces losses in his business due to raja's entry. drama children's films master prabhakar, sumathi, sirkazhi govindarajan, v. s. raghavan, k. d. santhanam a. p. nagarajan"
1773526,Vijayapuri Veeran,movie,,"Adventure, Action, Drama",,"C L Anandan, M. Hemalatha, S. A. Asokan, Kamini, S. V. Ramadas",Joseph Thaliath Jr.,0.0,0,5.2318,ta,," adventure, action, drama  c l anandan, m. hemalatha, s. a. asokan, kamini, s. v. ramadas joseph thaliath jr."
1774060,Balyakalasakhi,movie,,Drama,,"Prem Nazir, Sheela, Kottarakkara Sreedharan Nair, Meena, Bahadoor",J Sasikumar,0.0,0,5.2217,ml,," drama  prem nazir, sheela, kottarakkara sreedharan nair, meena, bahadoor j sasikumar"
1320660,Pati Patni Aur Woh Do,movie,"A seemingly perfect marriage in Prayagraj takes an unexpected turn when one decision leads to a chain of misunderstandings, suspicion, and comedic chaos.","Comedy, Drama, Romance",,"Ayushmann Khurrana, Wamiqa Gabbi, Rakul Preet Singh, Sara Ali Khan, Vijay Raaz",Mudassar Aziz,6.0,20,5.1865,hi,/x0RUPvba4JlCCkyyEZGlQFIFVuF.jpg,"a seemingly perfect marriage in prayagraj takes an unexpected turn when one decision leads to a chain of misunderstandings, suspicion, and comedic chaos. comedy, drama, romance  ayushmann khurrana, wamiqa gabbi, rakul preet singh, sara ali khan, vijay raaz mudassar aziz"
1773988,Kochumon,movie,"Annamma falls in love with a rich landlord and gives birth to George, but after he refuses to accept the child, she loses her sanity and abandons her son. George grows up, unaware of his parents.",Drama,,"Prem Nazir, Sheela, Thikkurissy Sukumaran Nair, T. S. Muthaiah, Adoor Pankajam",K Padmanabhan Nair,0.0,0,5.1294,ml,,"annamma falls in love with a rich landlord and gives birth to george, but after he refuses to accept the child, she loses her sanity and abandons her son. george grows up, unaware of his parents. drama  prem nazir, sheela, thikkurissy sukumaran nair, t. s. muthaiah, adoor pankajam k padmanabhan nair"
501190,"God, Sex and Truth",movie,"'God, Sex and Truth' delves into the world of sex where it digs out and projects the deepest dignity, divinity of the act and a women's true purpose of her sexuality.",Romance,"taunting, sexual exploration",Mia Malkova,Ram Gopal Varma,5.7,29,5.1203,en,/vaqtTC12oX94ChZUljXRz4fw2ch.jpg,"'god, sex and truth' delves into the world of sex where it digs out and projects the deepest dignity, divinity of the act and a women's true purpose of her sexuality. romance taunting, sexual exploration mia malkova ram gopal varma"
1451078,Raakaasa,movie,"Returning home after a decade, an NRI chasing romance inadvertently awakens an ancient darkness long feared by his village. As the threat intensifies, love turns deadly and life hangs in the balance.","Fantasy, Comedy","human sacrifice, demon, ancestral curse","Sangeeth Shobhan, Nayan Sarika, Vennela Kishore, Getup Srinu, Brahmaji",Manasa Sharma,6.2,19,5.1152,te,/sXwVJJMIPB4duU1mWbagt5ikUtq.jpg,"returning home after a decade, an nri chasing romance inadvertently awakens an ancient darkness long feared by his village. as the threat intensifies, love turns deadly and life hangs in the balance. fantasy, comedy human sacrifice, demon, ancestral curse sangeeth shobhan, nayan sarika, vennela kishore, getup srinu, brahmaji manasa sharma"
1169537,Batwara 1947,movie,"The story of an elderly Hindu woman who refuses to leave her ancestral home in Lahore, only to have a Muslim refugee family from Lucknow allotted to her house following the events of the 1947 Partition of India and Pakistan.","Action, Drama, War","period drama, lahore, independence day, war","Sunny Deol, Preity Zinta, Shabana Azmi, Ali Fazal, Karan Deol",Rajkumar Santoshi,6.0,1,5.0937,hi,/n66Q78zJcx5lL5HGRZPUpHxcsG6.jpg,"the story of an elderly hindu woman who refuses to leave her ancestral home in lahore, only to have a muslim refugee family from lucknow allotted to her house following the events of the 1947 partition of india and pakistan. action, drama, war period drama, lahore, independence day, war sunny deol, preity zinta, shabana azmi, ali fazal, karan deol rajkumar santoshi"
102632,Rowdy Rathore,movie,"A small-time thug comes across a young girl who claims him to be her father, following which he realizes he has a lookalike who's being hunted by goons.","Action, Comedy, Crime","fight, cop, love, remake, thief, revenge, look-alike, goon","Akshay Kumar, Sonakshi Sinha, Nassar, Yashpal Sharma, Mushtaq Khan",Prabhu Deva,5.963,123,5.0714,hi,/ytdp64MDSpONpm932nQcMTD95IF.jpg,"a small-time thug comes across a young girl who claims him to be her father, following which he realizes he has a lookalike who's being hunted by goons. action, comedy, crime fight, cop, love, remake, thief, revenge, look-alike, goon akshay kumar, sonakshi sinha, nassar, yashpal sharma, mushtaq khan prabhu deva"
962640,K.G.F: Chapter 3,movie,,"Action, Drama, Thriller",action,"Yash, Srinidhi Shetty, Raveena Tandon, Achyuth Kumar",Prashanth Neel,0.0,0,5.0433,kn,/ex2zyM6LVd31h9TlAi9RaR7QARK.jpg," action, drama, thriller action yash, srinidhi shetty, raveena tandon, achyuth kumar prashanth neel"
261366,Sorgam,movie,"Sankar is an ambitious man who wants to make it big through fair means. However, the friend he works under, Sampath, begins to use corrupt measures to make them rich.",Drama,,"Sivaji Ganesan, K R Vijaya, M. R. R. Vasu, Rajasree, K. Balaji",T. R. Ramanna,6.0,1,5.0376,ta,/3y0BTgmoLLknHbBOUAuNdWF0ilq.jpg,"sankar is an ambitious man who wants to make it big through fair means. however, the friend he works under, sampath, begins to use corrupt measures to make them rich. drama  sivaji ganesan, k r vijaya, m. r. r. vasu, rajasree, k. balaji t. r. ramanna"
1227241,Maa Inti Bangaram,movie,"Through both her moments of fear and bravery, a woman discovers that embracing her vulnerabilities is as vital to her inner strength as facing challenges head-on.","Action, Thriller, Drama","amused, awestruck","Samantha Ruth Prabhu, Gulshan Devaiah, Diganth Manchale, Gautami Tadimalla, Anand",B. V. Nandini Reddy,6.9,18,5.0268,te,/iSRIxnizjINdc7Dy68HQRkcPSR2.jpg,"through both her moments of fear and bravery, a woman discovers that embracing her vulnerabilities is as vital to her inner strength as facing challenges head-on. action, thriller, drama amused, awestruck samantha ruth prabhu, gulshan devaiah, diganth manchale, gautami tadimalla, anand b. v. nandini reddy"
1569292,Monster,movie,,"Action, Drama",,"Salman Khan, Nayanthara, Paresh Rawal, Rajpal Yadav, Arvind Swamy",Vamshi Paidipally,0.0,0,5.0267,hi,," action, drama  salman khan, nayanthara, paresh rawal, rajpal yadav, arvind swamy vamshi paidipally"
1735270,Premada Oorali,movie,"Premada Oorali is a heartfelt love story set in picturesque villages in the 2020s. The film intertwines romance and family drama, exploring the relationships between a father and son, as well as a boy and girl, as they navigate through intriguing, yet relatable, relationship challenges.","Romance, Music, Family, Drama",,"Rangayana Raghu, Shri Mahadev, Thapaswini, Ramika Shivu, Ilaa Vitla",Manoj Kumar,0.0,0,5.0239,kn,/d3tfAVRB9baqZqFnV6wPvqZnuzi.jpg,"premada oorali is a heartfelt love story set in picturesque villages in the 2020s. the film intertwines romance and family drama, exploring the relationships between a father and son, as well as a boy and girl, as they navigate through intriguing, yet relatable, relationship challenges. romance, music, family, drama  rangayana raghu, shri mahadev, thapaswini, ramika shivu, ilaa vitla manoj kumar"
1163258,12th Fail,movie,"Based on the true story of IPS officer Manoj Kumar Sharma, 12th Fail sheds limelight on fearlessly embracing the idea of restarting the academic journey despite the setbacks and challenges and reclaiming one's destiny at a place where millions of students attempt the world's toughest competitive exam: UPSC.",Drama,awestruck,"Vikrant Massey, Medha Shankr, Anant Joshi, Anshumaan Pushkar, Priyanshu Chatterjee",Vidhu Vinod Chopra,7.922,274,5.0233,hi,/eebUPRI4Z5e1Z7Hev4JZAwMIFkX.jpg,"based on the true story of ips officer manoj kumar sharma, 12th fail sheds limelight on fearlessly embracing the idea of restarting the academic journey despite the setbacks and challenges and reclaiming one's destiny at a place where millions of students attempt the world's toughest competitive exam: upsc. drama awestruck vikrant massey, medha shankr, anant joshi, anshumaan pushkar, priyanshu chatterjee vidhu vinod chopra"
1727033,BOMBAY STORIES,movie,"Adapted from the short stories of Pakistani writer Saadat Hasan Manto, the film interweaves the lives of three sex workers and their pimps.",Drama,,"Monica Aggarwal, Bilal Ahamad Bhagat, Anupriya Goenka, Gargi Duggal, Mouni Roy",Rahhat Shah Kazmi,0.0,0,5.0062,hi,/7SeNqtIi5lpVzs9GAcErgXqkmkU.jpg,"adapted from the short stories of pakistani writer saadat hasan manto, the film interweaves the lives of three sex workers and their pimps. drama  monica aggarwal, bilal ahamad bhagat, anupriya goenka, gargi duggal, mouni roy rahhat shah kazmi"
66275,Thambikku Entha Ooru,movie,"Seeing Balu's spendthrift and carefree attitude, his father sends him to his friend's house in a village to get reformed. Things get complicated when he gets entangled in a love triangle.","Romance, Comedy",,"Rajinikanth, Madhavi, Sulakshana, Senthamarai, V. S. Raghavan",Rajashekar,7.0,6,4.9813,ta,/wNoMLQy2uRegvOK6rUWJfEmJ9vn.jpg,"seeing balu's spendthrift and carefree attitude, his father sends him to his friend's house in a village to get reformed. things get complicated when he gets entangled in a love triangle. romance, comedy  rajinikanth, madhavi, sulakshana, senthamarai, v. s. raghavan rajashekar"
1682974,The India Story,movie,A community confronts the devastating impact of pesticide contamination as industrial negligence threatens public health. The fight for accountability exposes systemic failures in regulatory oversight and corporate responsibility.,"Drama, Thriller","whistleblower, corporate negligence, environmental drama, pesticide contamination, legal fight","Kajal Aggarwal, Shreyas Talpade, Murali Sharma, Manish Wadhwa, Sham Mashalkar",Chettan D K,0.0,0,4.9811,hi,/ocasYrRgkfKBdabKNPl8ttZuu7x.jpg,"a community confronts the devastating impact of pesticide contamination as industrial negligence threatens public health. the fight for accountability exposes systemic failures in regulatory oversight and corporate responsibility. drama, thriller whistleblower, corporate negligence, environmental drama, pesticide contamination, legal fight kajal aggarwal, shreyas talpade, murali sharma, manish wadhwa, sham mashalkar chettan d k"
1776048,Illara Jothi,movie,"Manohar is an under appreciated poet and playwright. He is married to Kaveri, a kind hearted personality who cannot match Manohar's intellect. During his travails he is found by Chitra, a connoisseur of fine arts and drama. She encourages Manohar to become a published author and refers him to her contacts. Manohar achieves dramatic success, money flows in to his life, his lifestyle changes and he spends a lot of time with Chitra neglecting Kaveri. After some struggles he realises Kaveri is ready to let go of him and sacrifice her love for him. He realises his selfishness in this drama and apologises to both Kaveri and Chitra, finally making up with Kaveri.","Drama, Family",,"Sivaji Ganesan, Padmini, K. A. Thangavelu, C. K. Saraswathi, K. K. Perumal",G. R. Rao,0.0,0,4.9532,ta,/iQqDLD7aP0rhNNqyHOvKb6GZaeq.jpg,"manohar is an under appreciated poet and playwright. he is married to kaveri, a kind hearted personality who cannot match manohar's intellect. during his travails he is found by chitra, a connoisseur of fine arts and drama. she encourages manohar to become a published author and refers him to her contacts. manohar achieves dramatic success, money flows in to his life, his lifestyle changes and he spends a lot of time with chitra neglecting kaveri. after some struggles he realises kaveri is ready to let go of him and sacrifice her love for him. he realises his selfishness in this drama and apologises to both kaveri and chitra, finally making up with kaveri. drama, family  sivaji ganesan, padmini, k. a. thangavelu, c. k. saraswathi, k. k. perumal g. r. rao"
1392469,Cocktail 2,movie,A vacation in Sicily forces longtime partners Diya and Kunal to question their love and commitment after they reunite with Diya's old friend Ally.,"Romance, Comedy","romantic, comforting","Kriti Sanon, Shahid Kapoor, Rashmika Mandanna, Tiku Talsania, Neelu Kohli",Homi Adajania,5.6,36,4.936,hi,/oIQmtByV1LtEQSwM4EpdLTyoSlM.jpg,"a vacation in sicily forces longtime partners diya and kunal to question their love and commitment after they reunite with diya's old friend ally. romance, comedy romantic, comforting kriti sanon, shahid kapoor, rashmika mandanna, tiku talsania, neelu kohli homi adajania"
1408170,Lenin,movie,"In a village trapped by generations of bloodshed, a determined young man dares to challenge the traditions fueling an endless cycle of violence.","Action, Drama, Romance",urban to rural transition,"Akhil Akkineni, Bhagyashri Borse, Sivaji Sontineni, Easwari Rao, Brahmaji",Murali Kishor Abburu,6.2,6,4.9225,te,/rAHQviBq8Fxi20hNtHPGLnr4L0f.jpg,"in a village trapped by generations of bloodshed, a determined young man dares to challenge the traditions fueling an endless cycle of violence. action, drama, romance urban to rural transition akhil akkineni, bhagyashri borse, sivaji sontineni, easwari rao, brahmaji murali kishor abburu"
1496785,Aadarsha Kutumbam,movie,A seemingly flawless family at House No. 47 unravels after an incident reveals hidden tensions.,"Family, Action, Comedy","family man, witty, wholesome","Venkatesh, Srinidhi Shetty, Nara Rohith, Nivetha Pethuraj, Yuvina Parthavi",Trivikram Srinivas,0.0,0,4.9153,te,/4xyzmQj2SrocgWVlV1aCxeyCDsz.jpg,"a seemingly flawless family at house no. 47 unravels after an incident reveals hidden tensions. family, action, comedy family man, witty, wholesome venkatesh, srinidhi shetty, nara rohith, nivetha pethuraj, yuvina parthavi trivikram srinivas"
800301,What's Love Got to Do with It?,movie,Two childhood friends now in their thirties must decide whether to follow their heads or their hearts once the man decides to follow his parents' advice and enter into an arranged marriage in Pakistan.,"Romance, Comedy",,"Lily James, Shazad Latif, Shabana Azmi, Emma Thompson, Sajal Ali",Shekhar Kapur,6.096,251,4.8835,en,/uJJYCo87r6qtsaTRENatoYuE9pI.jpg,"two childhood friends now in their thirties must decide whether to follow their heads or their hearts once the man decides to follow his parents' advice and enter into an arranged marriage in pakistan. romance, comedy  lily james, shazad latif, shabana azmi, emma thompson, sajal ali shekhar kapur"
10757,Kabhi Khushi Kabhie Gham,movie,"Years after his father disowns his adopted brother for marrying a woman of lower social standing, a young man goes on a mission to reunite his family.","Comedy, Drama","london, england, parent child relationship, adoption, delhi, india, forbidden love, reunion, class differences, family conflict, loving","Amitabh Bachchan, Shah Rukh Khan, Hrithik Roshan, Kajol, Jaya Bachchan",Karan Johar,7.684,634,4.4522,hi,/eJrD94E1msYEa0DygvkvdEKpChm.jpg,"years after his father disowns his adopted brother for marrying a woman of lower social standing, a young man goes on a mission to reunite his family. comedy, drama london, england, parent child relationship, adoption, delhi, india, forbidden love, reunion, class differences, family conflict, loving amitabh bachchan, shah rukh khan, hrithik roshan, kajol, jaya bachchan karan johar"
329981,Shut In,movie,"A widowed child psychologist lives in an isolated existence in rural New England. When caught in a deadly winter storm, she must find a way to rescue a young boy before he disappears forever.","Drama, Thriller","nightmare, isolation, winter, country house, deaf, bath, murder, stepson, psychologist, doctor, storm, drugs, missing child, winter storm","Naomi Watts, Charlie Heaton, Oliver Platt, David Cubitt, Jacob Tremblay",Farren Blackburn,5.265,746,4.5428,en,/qXIGq6ddQhIYe4Z7A86nZ1qjUME.jpg,"a widowed child psychologist lives in an isolated existence in rural new england. when caught in a deadly winter storm, she must find a way to rescue a young boy before he disappears forever. drama, thriller nightmare, isolation, winter, country house, deaf, bath, murder, stepson, psychologist, doctor, storm, drugs, missing child, winter storm naomi watts, charlie heaton, oliver platt, david cubitt, jacob tremblay farren blackburn"
1628367,Kartavya,movie,"With his family's safety at stake and menacing threats closing in, a police officer must decide how far he'll go to uphold his duty.","Crime, Drama, Thriller","detective, gritty, dark thriller","Saif Ali Khan, Rasika Dugal, Sanjay Mishra, Saurabh Dwivedi, Zakir Hussain",Pulkit,7.0,34,4.7451,hi,/doTwMyAphlDL5Z8WqE3elWWvj8M.jpg,"with his family's safety at stake and menacing threats closing in, a police officer must decide how far he'll go to uphold his duty. crime, drama, thriller detective, gritty, dark thriller saif ali khan, rasika dugal, sanjay mishra, saurabh dwivedi, zakir hussain pulkit"
564147,K.G.F: Chapter 1,movie,"A period drama set in the 1970s, KGF follows the story of a fierce rebel who rises against the brutal oppression in Kolar Gold Fields and becomes the symbol of hope to legions of downtrodden people.","Action, Thriller, Adventure, Crime","gold, undercover, gold mine, one man army, action hero, period film","Yash, Srinidhi Shetty, Ramachandra Raju, Archana Jois, Anant Nag",Prashanth Neel,7.5,305,4.0132,kn,/ltHlJwvxKv7d0ooCiKSAvfwV9tX.jpg,"a period drama set in the 1970s, kgf follows the story of a fierce rebel who rises against the brutal oppression in kolar gold fields and becomes the symbol of hope to legions of downtrodden people. action, thriller, adventure, crime gold, undercover, gold mine, one man army, action hero, period film yash, srinidhi shetty, ramachandra raju, archana jois, anant nag prashanth neel"
1169516,Welcome To The Jungle,movie,"A group of quirky characters gets stuck in a dangerous jungle during a chaotic mission. Filled with confusion, criminals, and hilarious situations, they must work together to survive and find their way out.","Action, Comedy, Adventure",,"Akshay Kumar, Suniel Shetty, Arshad Warsi, Jacqueline Fernandez, Disha Patani",Ahmed Khan,5.1,40,4.418,hi,/1JlfUuvvX5xLP2LIDah4JhWUtTx.jpg,"a group of quirky characters gets stuck in a dangerous jungle during a chaotic mission. filled with confusion, criminals, and hilarious situations, they must work together to survive and find their way out. action, comedy, adventure  akshay kumar, suniel shetty, arshad warsi, jacqueline fernandez, disha patani ahmed khan"
1157265,Dahaan,movie,A malicious ancient spirit is unleashed in a haunted mansion. The girl's elder sister and younger brother team up with a pastor to find a way to end the curse which slowly consumes the girl who opened the box.,Horror,,"Barsha Patnaik, Aurosikha Mishra, Sijan Mahapatra, Partha Sarathi Ray, Nishant Majithia",Anupam Patnaik,0.0,0,4.2275,or,/lajDAXof8GCO9RvnhtvQl9bgNlK.jpg,"a malicious ancient spirit is unleashed in a haunted mansion. the girl's elder sister and younger brother team up with a pastor to find a way to end the curse which slowly consumes the girl who opened the box. horror  barsha patnaik, aurosikha mishra, sijan mahapatra, partha sarathi ray, nishant majithia anupam patnaik"
864692,Pathaan,movie,"A soldier caught by enemies and presumed dead comes back to complete his mission, accompanied by old companions and foes.","Action, Adventure, Thriller","spy, fake death, spy thriller","Shah Rukh Khan, Deepika Padukone, John Abraham, Dimple Kapadia, Ashutosh Rana",Siddharth Anand,6.4,276,4.1088,hi,/arf00BkwvXo0CFKbaD9OpqdE4Nu.jpg,"a soldier caught by enemies and presumed dead comes back to complete his mission, accompanied by old companions and foes. action, adventure, thriller spy, fake death, spy thriller shah rukh khan, deepika padukone, john abraham, dimple kapadia, ashutosh rana siddharth anand"
1770836,Border Diaries,movie,"Set in an industrial area on the Karnataka-Tamil Nadu border, the story explores the lives of people working there and focuses on emotional borders, love, morality, and survival.","Drama, Romance, Crime",,"Ashwitha Hegde, Anjan Nagendra, Gopalkrishna Deshpande, Sharath Lohitashwa, Veena Sundar",ASG,0.0,0,4.4876,kn,/8yKOR3VBChqhEEhyhxfFjG0Fz6Y.jpg,"set in an industrial area on the karnataka-tamil nadu border, the story explores the lives of people working there and focuses on emotional borders, love, morality, and survival. drama, romance, crime  ashwitha hegde, anjan nagendra, gopalkrishna deshpande, sharath lohitashwa, veena sundar asg"
801688,Kalki 2898-AD,movie,"In the year 2898 AD, around 6000 years after Kurukshetra war, Ashwatthama gears up for his final battle of redemption at the sign of hope in a dystopian world and Bhairava, a wisecracking and self-interested bounty hunter, tired of the perilous life becomes the hurdle in the process.","Drama, Action, Fantasy, Science Fiction","rebellion, hero, temple, dystopia, villain, desert, religious statue, futuristic society, quest, imperialism, ancient temple, indian folklore, evil empire, fantasy, indian gods, mahabharat","Amitabh Bachchan, Prabhas, Deepika Padukone, Kamal Haasan, Saswata Chatterjee",Nag Ashwin,6.4,199,4.2492,te,/rstcAnBeCkxNQjNp3YXrF6IP1tW.jpg,"in the year 2898 ad, around 6000 years after kurukshetra war, ashwatthama gears up for his final battle of redemption at the sign of hope in a dystopian world and bhairava, a wisecracking and self-interested bounty hunter, tired of the perilous life becomes the hurdle in the process. drama, action, fantasy, science fiction rebellion, hero, temple, dystopia, villain, desert, religious statue, futuristic society, quest, imperialism, ancient temple, indian folklore, evil empire, fantasy, indian gods, mahabharat amitabh bachchan, prabhas, deepika padukone, kamal haasan, saswata chatterjee nag ashwin"
115348,Paranoia,movie,"An entry-level employee at a powerful corporation finds himself occupying a corner office, but at a dangerous price—he must spy on his boss's old mentor to secure for him a multi-billion dollar advantage.","Drama, Thriller","based on novel or book, escape, spy, paranoia, bodyguard, deception","Liam Hemsworth, Harrison Ford, Gary Oldman, Amber Heard, Josh Holloway",Robert Luketic,5.713,933,4.031,en,/isbiljuGztxLlcOvrSw5FkQDGEd.jpg,"an entry-level employee at a powerful corporation finds himself occupying a corner office, but at a dangerous price—he must spy on his boss's old mentor to secure for him a multi-billion dollar advantage. drama, thriller based on novel or book, escape, spy, paranoia, bodyguard, deception liam hemsworth, harrison ford, gary oldman, amber heard, josh holloway robert luketic"
1576389,Gondhal,movie,"Suman, the trapped wife in Maharashtra's Gondhal rituals, conspires with Gondhali Saheba to kill Anand's cousin. They carry out an escape that jeopardizes her soul amid drum-driven ritual and divine omens, blurring the distinction between salvation and damnation in a citywide verdict of fire, blood, and awe.",Thriller,,"Kishore Kadam, Ishita Deshmukh, Yogesh Sohoni, Nishad Bhoir, Anuj Prabhu",Santosh Davakhar,3.0,1,4.2375,mr,/j8yda2b6RD7NMlbV7NaUAj6hr5G.jpg,"suman, the trapped wife in maharashtra's gondhal rituals, conspires with gondhali saheba to kill anand's cousin. they carry out an escape that jeopardizes her soul amid drum-driven ritual and divine omens, blurring the distinction between salvation and damnation in a citywide verdict of fire, blood, and awe. thriller  kishore kadam, ishita deshmukh, yogesh sohoni, nishad bhoir, anuj prabhu santosh davakhar"
1318304,Once More,movie,"Raghu, a man caught up with a deep hold of grief comes across Anjali, who is spinning everything in her capacity to win him over. The love you gave away always comes back they say. In one way or other. Sometimes from a different human. This is a story of love coming back into the life of someone who doesn’t want to take it. A tale of second chances.. happy healing and bitter sweet closures.","Music, Romance, Comedy",,"Arjun Das, Aditi Shankar, Dravid Selvam, Sona Olickal, Anusha Prabhu",Vignesh Srikanth,0.0,0,4.8097,ta,/ljk9oaU1AtLYZWULmNLtJdtAKzX.jpg,"raghu, a man caught up with a deep hold of grief comes across anjali, who is spinning everything in her capacity to win him over. the love you gave away always comes back they say. in one way or other. sometimes from a different human. this is a story of love coming back into the life of someone who doesn’t want to take it. a tale of second chances.. happy healing and bitter sweet closures. music, romance, comedy  arjun das, aditi shankar, dravid selvam, sona olickal, anusha prabhu vignesh srikanth"
1088602,Shanthi Appuram Nithya,movie,An erotic movie that depicts how innocent women fall for bad boys and how those men treat them without any courtesy.,"Drama, Romance",b-grade,"Maha Adithya, Archana Sharma",Murali Vishwa,4.0,2,4.5793,ta,/okr8zGwzIuEKmCxWtyNXiirZrho.jpg,"an erotic movie that depicts how innocent women fall for bad boys and how those men treat them without any courtesy. drama, romance b-grade maha adithya, archana sharma murali vishwa"
587412,K.G.F: Chapter 2,movie,"The blood-soaked land of Kolar Gold Fields (KGF) has a new overlord now - Rocky, whose name strikes fear in the heart of his foes. His allies look up to Rocky as their Savior, the government sees him as a threat to law and order; enemies are clamoring for revenge and conspiring for his downfall. Bloodier battles and darker days await as Rocky continues on his quest for unchallenged supremacy.","Action, Thriller, Adventure, Crime","undercover, sequel, one man army, action hero","Yash, Sanjay Dutt, Raveena Tandon, Srinidhi Shetty, Archana Jois",Prashanth Neel,7.446,230,4.5317,kn,/khNVygolU0TxLIDWff5tQlAhZ23.jpg,"the blood-soaked land of kolar gold fields (kgf) has a new overlord now - rocky, whose name strikes fear in the heart of his foes. his allies look up to rocky as their savior, the government sees him as a threat to law and order; enemies are clamoring for revenge and conspiring for his downfall. bloodier battles and darker days await as rocky continues on his quest for unchallenged supremacy. action, thriller, adventure, crime undercover, sequel, one man army, action hero yash, sanjay dutt, raveena tandon, srinidhi shetty, archana jois prashanth neel"
1022453,The Rajasaab,movie,"Seeking his lost grandfather, a young man enters a haunted mansion and awakens a family curse powerful enough to upend both his life and reality.","Comedy, Horror, Fantasy, Action","haunted house, hypnosis, musical, romcom, ancient curse, grandfather grandson relationship, supernatural horror, mysterious disappearance, absurd, horror romance, romantic fantasy, ambiguous, cliché, self hypnosis, comedy horror, supernatural romance","Prabhas, Sanjay Dutt, Zarina Wahab, Nidhhi Agerwal, Malavika Mohanan",Maruthi Dasari,5.0,34,4.4707,te,/nvK6gYa4diCnQkDVN42uoYXPrdT.jpg,"seeking his lost grandfather, a young man enters a haunted mansion and awakens a family curse powerful enough to upend both his life and reality. comedy, horror, fantasy, action haunted house, hypnosis, musical, romcom, ancient curse, grandfather grandson relationship, supernatural horror, mysterious disappearance, absurd, horror romance, romantic fantasy, ambiguous, cliché, self hypnosis, comedy horror, supernatural romance prabhas, sanjay dutt, zarina wahab, nidhhi agerwal, malavika mohanan maruthi dasari"
14071,Dostana,movie,"Two straight guys pretend to be a gay couple to secure a posh Miami apartment, but fall for their gorgeous roommate. Hilarity ensues as they strive to convince everyone of the ruse while secretly trying to win her heart.","Drama, Comedy, Romance","friendship, miami, florida, womanizer","Abhishek Bachchan, John Abraham, Priyanka Chopra Jonas, Kirron Kher, Boman Irani",Tarun Mansukhani,6.155,174,4.4582,hi,/obwjlgNI2NFZupMuJBbKgH3IhQp.jpg,"two straight guys pretend to be a gay couple to secure a posh miami apartment, but fall for their gorgeous roommate. hilarity ensues as they strive to convince everyone of the ruse while secretly trying to win her heart. drama, comedy, romance friendship, miami, florida, womanizer abhishek bachchan, john abraham, priyanka chopra jonas, kirron kher, boman irani tarun mansukhani"
1465943,Mandaadi,movie,"A fishing captain applies his maritime knowledge in a traditional boat race along Tamil Nadu's coast during a festival, leading a six-person team against other crews.","Action, Drama","sea, boat race, action, sea action","Soori, Suhas, Mahima Nambiar, Sathyaraj, Mithun Jai Sankar",Mathimaran Pugazhendhi,8.0,2,4.4401,ta,/cDFW9BI1PSqrBWu8W0ZoeUQivEM.jpg,"a fishing captain applies his maritime knowledge in a traditional boat race along tamil nadu's coast during a festival, leading a six-person team against other crews. action, drama sea, boat race, action, sea action soori, suhas, mahima nambiar, sathyaraj, mithun jai sankar mathimaran pugazhendhi"
1475799,Haiwaan,movie,"A retired judge faces difficulty keeping his daughter safe from a convict he imprisoned. Later, when he gets murdered, a man with visual impairment who was loyal to him tries to defend his daughter.","Crime, Thriller",,"Saif Ali Khan, Akshay Kumar, Boman Irani, Shriya Pilgaonkar, Saiyami Kher",Priyadarshan,0.0,0,4.4386,hi,/ykXYDPPvoPhTaBeQ90OibCaCOWX.jpg,"a retired judge faces difficulty keeping his daughter safe from a convict he imprisoned. later, when he gets murdered, a man with visual impairment who was loyal to him tries to defend his daughter. crime, thriller  saif ali khan, akshay kumar, boman irani, shriya pilgaonkar, saiyami kher priyadarshan"
1118224,Maharaja,movie,"A barber seeks vengeance after his home is burglarized, cryptically telling police his ""Lakshmi"" has been taken, leaving them uncertain if it's a person or object, jeer at his request until they learn what they're really looking for.","Action, Thriller, Mystery","grim, non linear, drama, action, crime, exhilarated, 因果报应","Vijay Sethupathi, Anurag Kashyap, Sachana Namidass, Natarajan Subramaniam, Abhirami",Nithilan Saminathan,7.73,257,4.4301,ta,/s0m4TM1XRAftQStgKpw024RvkJo.jpg,"a barber seeks vengeance after his home is burglarized, cryptically telling police his ""lakshmi"" has been taken, leaving them uncertain if it's a person or object, jeer at his request until they learn what they're really looking for. action, thriller, mystery grim, non linear, drama, action, crime, exhilarated, 因果报应 vijay sethupathi, anurag kashyap, sachana namidass, natarajan subramaniam, abhirami nithilan saminathan"
1440735,Couple Friendly,movie,"Couple Friendly follows the journey of a Telugu boy and girl who both reside in Chennai. Their paths cross under unique circumstances, and the story deals with the challenges they face in their careers and relationship. Set in a city where they don't speak their mother tongue, the film explores the emotional highs and lows of navigating life and love in an unfamiliar environment.","Romance, Drama",live in relationship,"Santosh Soban, Manasa Varanasi, Rajeev Kanakala, Goparaju Ramana, Sriranjini",Ashwin Chandrasekar,7.2,8,4.3566,te,/kiKGBPQC6exxUbIrOMnDtuU4soC.jpg,"couple friendly follows the journey of a telugu boy and girl who both reside in chennai. their paths cross under unique circumstances, and the story deals with the challenges they face in their careers and relationship. set in a city where they don't speak their mother tongue, the film explores the emotional highs and lows of navigating life and love in an unfamiliar environment. romance, drama live in relationship santosh soban, manasa varanasi, rajeev kanakala, goparaju ramana, sriranjini ashwin chandrasekar"
1014214,Singham Again,movie,The cop universe expands with newer additions while the old ones return led by Bajirao Singham. Singham Again interweaves the mythological epic Ramayana's good vs evil narrative when his wife Avni Kamath gets abducted by Danger Lanka setting Bajirao and his gang of Sangram Bhalerao and Veer Sooryavanshi along with Satya and Shakti Shetty on a mission to rescue her.,"Action, Drama, Thriller, Crime","singham 3, rohit shetthy universe","Ajay Devgn, Akshay Kumar, Ranveer Singh, Tiger Shroff, Kareena Kapoor Khan",Rohit Shetty,5.0,45,4.3516,hi,/2JbNkHg8m7LaBy61LyrnnlenaxY.jpg,"the cop universe expands with newer additions while the old ones return led by bajirao singham. singham again interweaves the mythological epic ramayana's good vs evil narrative when his wife avni kamath gets abducted by danger lanka setting bajirao and his gang of sangram bhalerao and veer sooryavanshi along with satya and shakti shetty on a mission to rescue her. action, drama, thriller, crime singham 3, rohit shetthy universe ajay devgn, akshay kumar, ranveer singh, tiger shroff, kareena kapoor khan rohit shetty"
1628448,Maa Behen,movie,"In this dark comedy, a woman calls her estranged daughters in the middle of the night with chilling news — there's a dead body in her kitchen.","Comedy, Thriller, Drama",,"Madhuri Dixit, Triptii Dimri, Dharna Durga, Ravi Kishan, Jatin Sarna",Suresh Triveni,6.958,24,4.3272,hi,/rfooTavEjaWh6krAcPpHp1CPj7E.jpg,"in this dark comedy, a woman calls her estranged daughters in the middle of the night with chilling news — there's a dead body in her kitchen. comedy, thriller, drama  madhuri dixit, triptii dimri, dharna durga, ravi kishan, jatin sarna suresh triveni"
1220522,Dacoit,movie,"Betrayed by his better half, a man is convicted for a crime he didn't commit. Once free, he hunts her down in pursuit of vengeance, as their stories intertwine with a series of robberies.","Action, Romance, Thriller","betrayal, false imprisonment","Adivi Sesh, Mrunal Thakur, Anurag Kashyap, Prakash Raj, Sunil Varma",Shaneil Deo,7.0,9,4.2988,te,/lbrnJY7E0a9xxgj2cotNp6YI4dz.jpg,"betrayed by his better half, a man is convicted for a crime he didn't commit. once free, he hunts her down in pursuit of vengeance, as their stories intertwine with a series of robberies. action, romance, thriller betrayal, false imprisonment adivi sesh, mrunal thakur, anurag kashyap, prakash raj, sunil varma shaneil deo"
912378,Dridam,movie,"A police officer arrives at a seemingly peaceful station but faces pressure when human remains are discovered. Given only a week to solve the murder, he must navigate demands from his department and an anxious public seeking swift justice.","Crime, Thriller",investigation,"Shane Nigam, Shobi Thilakan, Dinesh Prabhakar, Nandan Unni, Saniya Fathima",Martin Joseph,5.5,12,4.2607,ml,/9JqWaizfeplMDEZGuJAZZUO4Xtp.jpg,"a police officer arrives at a seemingly peaceful station but faces pressure when human remains are discovered. given only a week to solve the murder, he must navigate demands from his department and an anxious public seeking swift justice. crime, thriller investigation shane nigam, shobi thilakan, dinesh prabhakar, nandan unni, saniya fathima martin joseph"
1039067,Amar Colony,movie,"Meera is beautiful, pregnant and in search of some spice in her life. Mohit is young, idle, and lives next door with Devki, his abusive mother. Meera has a boring and absent husband. But wait to see what the guy is hiding. Her aunty Dunga is old and hopes to become immortal, her other half has a secret in his shop nobody knows about, except his young grandchild who is smarter than it seems. They all live in a dilapidated building called Amar Colony.",Drama,"absurdist, amar colony, tallinn, special jury prize, debutant at iffk, indiefilm collective","Nimisha Nair, Sangeeta Agrawal, Usha Chauhan, Deepak Sharma, Aayush Srivastava",Siddharth Chauhan,10.0,1,4.2604,hi,/e9gx4Se0ex9jtNQ905qlN2lKcYl.jpg,"meera is beautiful, pregnant and in search of some spice in her life. mohit is young, idle, and lives next door with devki, his abusive mother. meera has a boring and absent husband. but wait to see what the guy is hiding. her aunty dunga is old and hopes to become immortal, her other half has a secret in his shop nobody knows about, except his young grandchild who is smarter than it seems. they all live in a dilapidated building called amar colony. drama absurdist, amar colony, tallinn, special jury prize, debutant at iffk, indiefilm collective nimisha nair, sangeeta agrawal, usha chauhan, deepak sharma, aayush srivastava siddharth chauhan"
1668157,Muthana Muthallavo,movie,"Muthu, a villager, loves Lakshmi but she falls in love with his educated brother, Kannan. Kannan is forced to eke out a living in the big city after he loses money gambling, but is soon estranged from Lakshmi by her plotting sister Leela. Does Lakshmi unite with Kannan?",Drama,,"R. Muthuraman, Sujatha, Jai Ganesh, Thengai Srinivasan, Senthamarai",R. Vittal,10.0,1,4.2586,ta,,"muthu, a villager, loves lakshmi but she falls in love with his educated brother, kannan. kannan is forced to eke out a living in the big city after he loses money gambling, but is soon estranged from lakshmi by her plotting sister leela. does lakshmi unite with kannan? drama  r. muthuraman, sujatha, jai ganesh, thengai srinivasan, senthamarai r. vittal"
1654581,Nayyi Navelli,movie,"A new bride's arrival turns a turbulent household in Meerut into a picture of domestic harmony, until her brother-in-law grows convinced that his seemingly perfect sister-in-law is secretly a witch.","Adventure, Fantasy, Comedy, Drama",,"Yami Gautam Dhar, Anurag Thakur, Adinath Kothare, Sushmita Mukherjee, Prateek Pachori",Balaji Mohan,0.0,0,4.2034,hi,/aZEKuzGt7ObqoKjTM4kcMd0klYy.jpg,"a new bride's arrival turns a turbulent household in meerut into a picture of domestic harmony, until her brother-in-law grows convinced that his seemingly perfect sister-in-law is secretly a witch. adventure, fantasy, comedy, drama  yami gautam dhar, anurag thakur, adinath kothare, sushmita mukherjee, prateek pachori balaji mohan"
311637,Kithakithalu,movie,"Relangi Rajababu is such a 'nice guy' that he files a case against a girl who attempted to rape him, and did not succumb to her, because he wished to remain 'pure' for the woman he marries. After landing a job as an SI, his parents force him to get married because his dowry will be useful for his sister's wedding. No girl wants to marry him now, because they wonder if he is man enough since he rejected a girl like her. He ends up marrying a rich, plump girl Soundarya after his parents and family threaten to commit suicide if he doesn't accept the proposal. Now this 'nice guy' suddenly turns to other women and wants to divorce his fat wife. His attempts to make her grant him a divorce and whether he turns over a new leaf is the rest of the story.","Comedy, Drama",,"Allari Naresh, Geetha Singh, Krishna Bhagavan, Madhu Shalini, Giri Babu",E.V.V. Satyanarayana,7.8,4,4.2007,te,,"relangi rajababu is such a 'nice guy' that he files a case against a girl who attempted to rape him, and did not succumb to her, because he wished to remain 'pure' for the woman he marries. after landing a job as an si, his parents force him to get married because his dowry will be useful for his sister's wedding. no girl wants to marry him now, because they wonder if he is man enough since he rejected a girl like her. he ends up marrying a rich, plump girl soundarya after his parents and family threaten to commit suicide if he doesn't accept the proposal. now this 'nice guy' suddenly turns to other women and wants to divorce his fat wife. his attempts to make her grant him a divorce and whether he turns over a new leaf is the rest of the story. comedy, drama  allari naresh, geetha singh, krishna bhagavan, madhu shalini, giri babu e.v.v. satyanarayana"
1442396,Nagabandham: The Secret Treasure,movie,"A chosen warrior protects a mystical, serpent-bound Himalayan temple from those seeking to steal the power of the Brahma Kamalam, a divine relic.","Drama, Fantasy, Action",,"Virat Karrna, Nabha Natesh, Daksha Nagarkar, Anasuya Bharadwaj, Mahesh Manjrekar",Abhishek Nama,4.5,4,4.1485,te,/fsiQ0twZbmbLo0F2CDUt44riRxL.jpg,"a chosen warrior protects a mystical, serpent-bound himalayan temple from those seeking to steal the power of the brahma kamalam, a divine relic. drama, fantasy, action  virat karrna, nabha natesh, daksha nagarkar, anasuya bharadwaj, mahesh manjrekar abhishek nama"
1484913,Ikka,movie,"With a loved one's life at stake, a celebrated lawyer must defend a man he suspects is guilty — battling his conscience every step of the way.","Drama, Thriller","courtroom, psychological, suspenseful","Sunny Deol, Akshaye Khanna, Tillotama Shome, Dia Mirza, Sanjeeda Sheikh",Siddharth P. Malhotra,5.7,21,4.1327,hi,/fp5EAKE8nTx402n1fWz55QsuYY9.jpg,"with a loved one's life at stake, a celebrated lawyer must defend a man he suspects is guilty — battling his conscience every step of the way. drama, thriller courtroom, psychological, suspenseful sunny deol, akshaye khanna, tillotama shome, dia mirza, sanjeeda sheikh siddharth p. malhotra"
1776080,Kaveri,movie,"A story of two rival kings, (R. Balasubramaniam, T.E. Krishnamachari); Sivaji Ganesan is the son of the latter. Krishnamachari is under the influence of an ambitious spiritual guru (Nambiar) who manipulates the king for his own ends. The prince works hard to prevent him from achieving his designs. He moves around the kingdom incognito fighting for people's rights. During this time he meets and falls in love with a dancer (Padmini). The rival king's daughter Lalitha is also in love with him. The wily advisor (Veerappa) of the other king tries to work out things in his favor and marry the dancer. After many twists and turns, the villains are exposed and the princess sacrifices her love in favor of the dancer.","History, Drama",,"Sivaji Ganesan, Padmini, N. S. Krishnan, M. N. Nambiar, P. S. Veerappa",D. Yoganand,0.0,0,4.1474,ta,/tytQlADALdPP6L7ICuiPlroTOtn.jpg,"a story of two rival kings, (r. balasubramaniam, t.e. krishnamachari); sivaji ganesan is the son of the latter. krishnamachari is under the influence of an ambitious spiritual guru (nambiar) who manipulates the king for his own ends. the prince works hard to prevent him from achieving his designs. he moves around the kingdom incognito fighting for people's rights. during this time he meets and falls in love with a dancer (padmini). the rival king's daughter lalitha is also in love with him. the wily advisor (veerappa) of the other king tries to work out things in his favor and marry the dancer. after many twists and turns, the villains are exposed and the princess sacrifices her love in favor of the dancer. history, drama  sivaji ganesan, padmini, n. s. krishnan, m. n. nambiar, p. s. veerappa d. yoganand"
96826,Ben 10: Destroy All Aliens,movie,"Based on the original animated series Ben 10.  Ben becomes targeted by an evil Mechamorph Warrior, named ""Retaliator,"" who mistakenly blames Ben for something he did not do and attempts to destroy all aliens.","Animation, Science Fiction, Family, Action, TV Movie","extraterrestrial technology, superhero, transformation, cartoon, alien, based on cartoon, alien race, based on tv series","Tara Strong, Meagan Moore, Paul Eiding, Dee Bradley Baker, Steve Blum",Victor Cook,6.7,121,4.0931,en,/fE9MXUsbNzG14e6rHcOTNVJi2r0.jpg,"based on the original animated series ben 10.  ben becomes targeted by an evil mechamorph warrior, named ""retaliator,"" who mistakenly blames ben for something he did not do and attempts to destroy all aliens. animation, science fiction, family, action, tv movie extraterrestrial technology, superhero, transformation, cartoon, alien, based on cartoon, alien race, based on tv series tara strong, meagan moore, paul eiding, dee bradley baker, steve blum victor cook"
1734465,Premakke Sai,movie,No description,,,"V. Ravichandran, Shaheen Khan, Prakash Raj, Srinath, Kasturi Shankar",A. Kodandarami Reddy,0.0,0,3.6222,kn,,"no description   v. ravichandran, shaheen khan, prakash raj, srinath, kasturi shankar a. kodandarami reddy"
869227,Super Sharanya,movie,"Sharanya, an ordinary small-town girl from Palakkad, who moves to Thrissur for higher studies, finds herself changing as she meets Deepu.","Comedy, Romance",coming of age,"Anaswara Rajan, Mamitha Baiju, Arjun Ashokan, Antony Varghese, Sajin Cherukayil",Girish A. D.,6.6,25,4.0382,ml,/qnof5rUTGAGkVUg7UhlR3uu7zzP.jpg,"sharanya, an ordinary small-town girl from palakkad, who moves to thrissur for higher studies, finds herself changing as she meets deepu. comedy, romance coming of age anaswara rajan, mamitha baiju, arjun ashokan, antony varghese, sajin cherukayil girish a. d."
1261763,Don't Trouble the Trouble,movie,"Suri, a magician, accidentally makes a young girl vanish with a spell. The girl, revealed to be a genie who grants wishes, explores the city and unleashes her powers when angered.","Fantasy, Drama, Action","genie, magician, spells","Fahadh Faasil, Ssara Palekar, Saurabh Sachdeva, Venkatesh Kakumanu",Shashank Yeleti,0.0,0,4.0079,te,/A0uqqpeLhGfOsW6muky7xvLd8Qf.jpg,"suri, a magician, accidentally makes a young girl vanish with a spell. the girl, revealed to be a genie who grants wishes, explores the city and unleashes her powers when angered. fantasy, drama, action genie, magician, spells fahadh faasil, ssara palekar, saurabh sachdeva, venkatesh kakumanu shashank yeleti"
1637705,#Cult,movie,"A group of young boys head to a party expecting a night of fun, but soon discover the reality is far darker than they imagined. What starts as excitement spirals into terror, pushing them into a brutal fight for survival.","Horror, Action, Thriller","revenge, slasher, drugs, slasher thriller","Vishwak Sen, Gayatri Bhardwaj, Tarak Ponnappa, Murali Sharma, Srikanth Iyengar",Vishwak Sen,0.0,0,4.0047,te,/8jPyjKZE2Bnm3esvDmWZyGA8mkr.jpg,"a group of young boys head to a party expecting a night of fun, but soon discover the reality is far darker than they imagined. what starts as excitement spirals into terror, pushing them into a brutal fight for survival. horror, action, thriller revenge, slasher, drugs, slasher thriller vishwak sen, gayatri bhardwaj, tarak ponnappa, murali sharma, srikanth iyengar vishwak sen"
307608,King and Queen,movie,"An impoverished woman named Rani (Padmini) escapes from her abusive and predatory drama company owner, Babu (S.S. Rajendran), after being robbed and finding herself unconscious in the car of wealthy stage actor Raja (Sivaji Ganesan). Mistaken by Raja for a rich runaway named Leela, Rani plays along and joins his new theater troupe, leading the two to fall in love. However, the vengeful Babu attempts to sabotage their romance by poisoning Raja during a live stage enactment of Socrates, setting up a dramatic climax where the lovers must overcome this deadly plot to finally unite",Romance,,"Sivaji Ganesan, Padmini, S. S. Rajendran, N. S. Krishnan, K. Duraisami",A. Bhimsingh,9.0,1,4.0041,ta,/9EA6rfEvCjWecorvhP889MVZ058.jpg,"an impoverished woman named rani (padmini) escapes from her abusive and predatory drama company owner, babu (s.s. rajendran), after being robbed and finding herself unconscious in the car of wealthy stage actor raja (sivaji ganesan). mistaken by raja for a rich runaway named leela, rani plays along and joins his new theater troupe, leading the two to fall in love. however, the vengeful babu attempts to sabotage their romance by poisoning raja during a live stage enactment of socrates, setting up a dramatic climax where the lovers must overcome this deadly plot to finally unite romance  sivaji ganesan, padmini, s. s. rajendran, n. s. krishnan, k. duraisami a. bhimsingh"
1475803,Governor,movie,"Set against Indias 1990 economic crisis, Governor follows Raman, a reluctant bureaucrat unexpectedly appointed as the Governor of the RBI when the nation stands on the brink of bankruptcy. As inflation rises, fuel runs low, and panic spreads, Raman must navigate political pressure and a collapsing system to prevent the country from falling apart.","Drama, Thriller",,"Manoj Bajpayee, Noushad Mohamed Kunju, Adah Sharma, Madhoo, John Forbes",Chinmay Mandlekar,5.6,6,4.0023,hi,/Anukm4NH6MM025vUQ9ykpWQXnFn.jpg,"set against indias 1990 economic crisis, governor follows raman, a reluctant bureaucrat unexpectedly appointed as the governor of the rbi when the nation stands on the brink of bankruptcy. as inflation rises, fuel runs low, and panic spreads, raman must navigate political pressure and a collapsing system to prevent the country from falling apart. drama, thriller  manoj bajpayee, noushad mohamed kunju, adah sharma, madhoo, john forbes chinmay mandlekar"
1443958,Emo Emo Idi,movie,,"Romance, Drama",,"Roshan Meka, Preity Mukhundhan, Yukti Thareja, Devadarshini",Sailesh Kolanu,0.0,0,3.981,te,/3mZW9VnMvKR0BhprrTfzRPSIou1.jpg," romance, drama  roshan meka, preity mukhundhan, yukti thareja, devadarshini sailesh kolanu"
1336770,Vaazha II,movie,"Four friends – Hashir, Alan, Ajin and Vinayak – are considered losers and troublemakers by parents, family and the school management. They face immense social pressure as they reach adulthood, embarking them on an emotional journey of self discovery and acceptance, where they finally learn to take up their responsibilities and find success.","Comedy, Drama",,"Hashir, Alan Bin Siraj, Ajin Joy, Vinayak V, Alphonse Puthren",Savin Sa,7.6,22,4.0386,ml,/1yLZ7kExd0UGGbaZW4LxmYD4OIf.jpg,"four friends – hashir, alan, ajin and vinayak – are considered losers and troublemakers by parents, family and the school management. they face immense social pressure as they reach adulthood, embarking them on an emotional journey of self discovery and acceptance, where they finally learn to take up their responsibilities and find success. comedy, drama  hashir, alan bin siraj, ajin joy, vinayak v, alphonse puthren savin sa"
1554131,Boss 2,movie,,"Action, Comedy, Romance",,"Ahaan Panday, Sharvari, Aaishvary Thackeray, Bobby Deol, Jimmy Shergill",Ali Abbas Zafar,0.0,0,3.556,hi,," action, comedy, romance  ahaan panday, sharvari, aaishvary thackeray, bobby deol, jimmy shergill ali abbas zafar"
1634301,Vanaveera,movie,A descendant of the Vanara clan is pushed into conflict when a modern-day Ravana seizes his only bike for an election rally. What starts as a petty injustice soon erupts into a fierce fight for self-respect and dignity.,"Action, Drama",,"Chammak Chandra, Simran Choudhary, Nandu Vijay Krishna",,7.5,6,3.6332,te,/oBYExKI8E3bTzQjPkofhpV2EJon.jpg,"a descendant of the vanara clan is pushed into conflict when a modern-day ravana seizes his only bike for an election rally. what starts as a petty injustice soon erupts into a fierce fight for self-respect and dignity. action, drama  chammak chandra, simran choudhary, nandu vijay krishna "
1711229,MissMatch,movie,"MissMatch is a Kannada language cinema made in India. It is a family entertainer.  In the lush small-town heart of Malnad, Akash refuses to trade his roots for a life in Bengaluru, determined to build  something of his own on his land.  Meghana, on the other hand, dreams of breaking free from her hometown, chasing independence in the city while  searching for her ideal partner.  When fate brings these two opposites together, what begins as innocent love soon turns into a clash of choices,  ambitions, and ego. When we feel everything is over, families step in, turning everything upside down. What follows is a whirlwind of misunderstandings, chaos, and hilarious drama, unfolding through a heartwarming family entertaining journey.","Family, Drama, Romance, Music",,"Koushik Gowda, Ashwitha Hegde",Sai Shrinidhi,0.0,0,4.0694,kn,/8MOMAEziwdrH1bXlFG7N0RHMHGP.jpg,"missmatch is a kannada language cinema made in india. it is a family entertainer.  in the lush small-town heart of malnad, akash refuses to trade his roots for a life in bengaluru, determined to build  something of his own on his land.  meghana, on the other hand, dreams of breaking free from her hometown, chasing independence in the city while  searching for her ideal partner.  when fate brings these two opposites together, what begins as innocent love soon turns into a clash of choices,  ambitions, and ego. when we feel everything is over, families step in, turning everything upside down. what follows is a whirlwind of misunderstandings, chaos, and hilarious drama, unfolding through a heartwarming family entertaining journey. family, drama, romance, music  koushik gowda, ashwitha hegde sai shrinidhi"
61202,Zindagi Na Milegi Dobara,movie,"Three friends who were inseparable in childhood decide to go on a three-week-long bachelor road trip to Spain, in order to re-establish their bond and explore thrilling adventures, before one of them gets married. What will they learn of themselves and each other during the adventure?","Drama, Comedy, Romance","school friend, friendship, cheating, painter, poet, vacation, travel, scuba diving, misunderstanding, lyricist, childhood friends, road movie, flirting, female domination, scuba diver, father son conflict, sky diving, lyrical","Hrithik Roshan, Abhay Deol, Farhan Akhtar, Katrina Kaif, Kalki Koechlin",Zoya Akhtar,7.6,439,3.6654,hi,/hKO9O715wYxjkQSEv47giCYcyO8.jpg,"three friends who were inseparable in childhood decide to go on a three-week-long bachelor road trip to spain, in order to re-establish their bond and explore thrilling adventures, before one of them gets married. what will they learn of themselves and each other during the adventure? drama, comedy, romance school friend, friendship, cheating, painter, poet, vacation, travel, scuba diving, misunderstanding, lyricist, childhood friends, road movie, flirting, female domination, scuba diver, father son conflict, sky diving, lyrical hrithik roshan, abhay deol, farhan akhtar, katrina kaif, kalki koechlin zoya akhtar"
531025,Gopi – Goda Meeda Pilli,movie,"Gopi's parents desperately want him to get married. When Laxmi comes into his life, he falls in love with her. Later, things change after Gopi travels to Bangalore and meets Priya",Comedy,,"Allari Naresh, Jagapati Babu, Gowri Munjal, Aarti Chabria, Vadde Naveen",Janardhan Maharshi,3.5,2,3.8227,te,/uvErnhWETHA8YFOtdC1od8IYGmG.jpg,"gopi's parents desperately want him to get married. when laxmi comes into his life, he falls in love with her. later, things change after gopi travels to bangalore and meets priya comedy  allari naresh, jagapati babu, gowri munjal, aarti chabria, vadde naveen janardhan maharshi"
1774540,MANJAR,movie,"A youthful Marathi family entertainer about friendship, love, family relationships and the unpredictable situations of everyday life, seen through the amusing perspective of an observant cat.","Comedy, Drama, Adventure",,"Siddharth Menon, Onkar Bhojane, Tejas Raut, Bhagyashree Limaye, Sayaji Shinde",Susshil Mahadev,0.0,0,4.089,mr,/wlUkHJsiYHxEvnMDgjy28kt3EEr.jpg,"a youthful marathi family entertainer about friendship, love, family relationships and the unpredictable situations of everyday life, seen through the amusing perspective of an observant cat. comedy, drama, adventure  siddharth menon, onkar bhojane, tejas raut, bhagyashree limaye, sayaji shinde susshil mahadev"
1510769,29,movie,"A quirky 29-year-old named Sathya embarks on an unexpected journey of laughter, unlikely friendships, and self-discovery. Through hilarious misadventures and chance encounters, he slowly sees life's bigger picture - its surprises, joys, and second chances.","Romance, Comedy, Drama","thoughtful, introspective, comforting","Vidhu, Preethi Asrani, Mahendran, Sindhu Shyam, Avinash Raghudevan",Rathna Kumar,6.9,8,3.9485,ta,/aQZ4OxzaYTN7cRN7fALi9BhPucp.jpg,"a quirky 29-year-old named sathya embarks on an unexpected journey of laughter, unlikely friendships, and self-discovery. through hilarious misadventures and chance encounters, he slowly sees life's bigger picture - its surprises, joys, and second chances. romance, comedy, drama thoughtful, introspective, comforting vidhu, preethi asrani, mahendran, sindhu shyam, avinash raghudevan rathna kumar"
1153399,Coolie,movie,"Deva, once living a quiet life, is shaken when his close friend dies under suspicious circumstances. Determined to uncover the truth, he infiltrates a powerful gang operating in the shadows. As he investigates, Deva becomes entangled in a dangerous web of crime, betrayal, and secrets from his own past, forcing him to confront powerful enemies while protecting the ones he loves.","Action, Thriller, Crime","criminal underworld, hidden past","Rajinikanth, Nagarjuna Akkineni, Soubin Shahir, Upendra, Shruti Haasan",Lokesh Kanagaraj,6.2,95,3.7384,ta,/kr36awqmziEI5mfUElsHB0pj9zP.jpg,"deva, once living a quiet life, is shaken when his close friend dies under suspicious circumstances. determined to uncover the truth, he infiltrates a powerful gang operating in the shadows. as he investigates, deva becomes entangled in a dangerous web of crime, betrayal, and secrets from his own past, forcing him to confront powerful enemies while protecting the ones he loves. action, thriller, crime criminal underworld, hidden past rajinikanth, nagarjuna akkineni, soubin shahir, upendra, shruti haasan lokesh kanagaraj"
530154,Lust Stories,movie,An anthology of four stories that sheds light on modern relationships from the viewpoint of the Indian woman.,"Romance, Drama",anthology,"Kiara Advani, Radhika Apte, Akash Thosar, Randeep Jha, Bhumi Pednekar",Anurag Kashyap,6.3,146,3.5913,hi,/mP5HehSpCaRGd6ej66jxkhdl60B.jpg,"an anthology of four stories that sheds light on modern relationships from the viewpoint of the indian woman. romance, drama anthology kiara advani, radhika apte, akash thosar, randeep jha, bhumi pednekar anurag kashyap"
84092,Ramayana : The Legend of Prince Rama,movie,"In Ayodhya, the royal palace of Kosala Kingdom in Ancient India, four princes were born to three queens, each of whom grew to great stature. Banished for 14 years due to court intrigue, Prince Rama retreated to the forest with his beautiful wife Sita. When Rama vanquishes the demons of the forest, he invites the wrath of the demon king Ravana, who kidnaps Sita. Based on the Indian epic the Ramayana.","Animation, Action, Adventure, Fantasy","based on novel or book, mythology, hinduism, hindu mythology, anime, historical epic, asian culture, indian culture","Nikhil Kapoor, Raell Padamsee, Uday Mathan, Mishal Verma, Noel Godin",Ram Mohan,8.2,60,3.6959,en,/yqcdzIgsYdaIY2CNtDyWshuLdq0.jpg,"in ayodhya, the royal palace of kosala kingdom in ancient india, four princes were born to three queens, each of whom grew to great stature. banished for 14 years due to court intrigue, prince rama retreated to the forest with his beautiful wife sita. when rama vanquishes the demons of the forest, he invites the wrath of the demon king ravana, who kidnaps sita. based on the indian epic the ramayana. animation, action, adventure, fantasy based on novel or book, mythology, hinduism, hindu mythology, anime, historical epic, asian culture, indian culture nikhil kapoor, raell padamsee, uday mathan, mishal verma, noel godin ram mohan"
1770566,Naag Mani,movie,"The narrative follows Princess Sukanya, the daughter of King Sharyati, who crosses paths with Chyavan, a young ascetic (tapasvi) with a vow to right a wrong done to the Ashvini Kumars by Indra. Due to the twists of destiny, Sukanya accidentally blinds and causes Chyavan to age into infirmity, marrying him in his broken state. Refusing to let destiny break their spirits, Sukanya rises as a devoted wife to fulfill her husband's mission, restore his youth and eyesight, and bring the three worlds—Akash, Prithvi, and Patal—to their door.","Adventure, Fantasy",,"Nirupa Roy, Manher Desai, Trilok Kapoor, Helen, P. Kailash",Raman B. Desai,0.0,0,3.2708,hi,/6utizimccmWFqxr6AxOwgfFgEVR.jpg,"the narrative follows princess sukanya, the daughter of king sharyati, who crosses paths with chyavan, a young ascetic (tapasvi) with a vow to right a wrong done to the ashvini kumars by indra. due to the twists of destiny, sukanya accidentally blinds and causes chyavan to age into infirmity, marrying him in his broken state. refusing to let destiny break their spirits, sukanya rises as a devoted wife to fulfill her husband's mission, restore his youth and eyesight, and bring the three worlds—akash, prithvi, and patal—to their door. adventure, fantasy  nirupa roy, manher desai, trilok kapoor, helen, p. kailash raman b. desai"
115053,Allare Allari,movie,,Comedy,,"Allari Naresh, Venu Thottempudi, Parvati Melton, Mallika Kapoor, Telangana Shakuntala",Muppalaneni Shiva,0.0,0,3.7266,te,/e6HKYhuUMenpq4tppIV0qgoXkda.jpg," comedy  allari naresh, venu thottempudi, parvati melton, mallika kapoor, telangana shakuntala muppalaneni shiva"
857598,Pushpa 2 - The Rule,movie,"As his smuggling empire grows, a brazen Pushpa longs for power and respect on his vengeful journey, while facing old rivals and new.","Action, Drama, Thriller, Crime","sequel, ego clash","Allu Arjun, Rashmika Mandanna, Fahadh Faasil, Jagadeesh Bandari, Rao Ramesh",Sukumar,6.2,164,3.8897,te,/1T21FblunT0y8fz7YaW8JMYgUKm.jpg,"as his smuggling empire grows, a brazen pushpa longs for power and respect on his vengeful journey, while facing old rivals and new. action, drama, thriller, crime sequel, ego clash allu arjun, rashmika mandanna, fahadh faasil, jagadeesh bandari, rao ramesh sukumar"
1631303,Duty,movie,"An honest police officer gets in the bad books of corrupt businessman, Seth Dharamraj, setting off a war between the two.",Action,,"Govinda, Anuradha Patel, Tiku Talsania, Rakesh Bedi",Ravikant Nagaich,9.0,1,3.3664,hi,,"an honest police officer gets in the bad books of corrupt businessman, seth dharamraj, setting off a war between the two. action  govinda, anuradha patel, tiku talsania, rakesh bedi ravikant nagaich"
158653,Athey Kangal,movie,"After four brothers get killed in succession, Vimalanathan and his niece, Susila, are the sole survivors. So, Bhaskar, Susila's lover, tries to find the stalker who is hunting his lover's family.","Comedy, Mystery, Thriller",,"Ravichandran, Kanchana, S. A. Asokan, Nagesh, S. V. Ramadas",A. C. Tirulokchandar,7.0,4,4.1879,ta,/19tvkXTx6VBcqkR3UjV5ZKarJwR.jpg,"after four brothers get killed in succession, vimalanathan and his niece, susila, are the sole survivors. so, bhaskar, susila's lover, tries to find the stalker who is hunting his lover's family. comedy, mystery, thriller  ravichandran, kanchana, s. a. asokan, nagesh, s. v. ramadas a. c. tirulokchandar"
1513640,Power House,movie,,"Action, Thriller, Drama",,"Vikram, Riya Shibu, Shammi Thilakan, Urvashi, Samyuktha Hegde",Anand Shankar,0.0,0,4.0853,ta,/7hW8NAKFoDj7aJ7qQ9nX2yE6RKC.jpg," action, thriller, drama  vikram, riya shibu, shammi thilakan, urvashi, samyuktha hegde anand shankar"
1773611,Morchha,movie,"The 1980 film Morchha follows a revenge-driven action narrative centering on Chhotu, a young boy who survives a brutal attack by the criminal mastermind Ram Mohan after his honest father refuses a corrupt deal. Traumatized by witnessing his family's murder, Chhotu masters martial arts and forms a strategic front to infiltrate and dismantle Ram Mohan's criminal network.","Action, Adventure, Drama, Music",,"Ravi Behl, Aruna Irani, Prem Bedi, Vijayabhanu, Jagdeep",Ravikant Nagaich,0.0,0,3.6265,hi,/drOSigqai4WSLiBhLVDqcgoiYcu.jpg,"the 1980 film morchha follows a revenge-driven action narrative centering on chhotu, a young boy who survives a brutal attack by the criminal mastermind ram mohan after his honest father refuses a corrupt deal. traumatized by witnessing his family's murder, chhotu masters martial arts and forms a strategic front to infiltrate and dismantle ram mohan's criminal network. action, adventure, drama, music  ravi behl, aruna irani, prem bedi, vijayabhanu, jagdeep ravikant nagaich"
1770824,Varaprasadham,movie,"An innocent Thilak is implicated in his friend Ravi's murder case. However, his father decides to take matters into his own hands and save his son using a carefully devised plan.",Drama,,"Ravichandran, Jayachitra, Vijayakumar, Major Sundarrajan, S. A. Asokan",,0.0,0,3.8632,ta,,"an innocent thilak is implicated in his friend ravi's murder case. however, his father decides to take matters into his own hands and save his son using a carefully devised plan. drama  ravichandran, jayachitra, vijayakumar, major sundarrajan, s. a. asokan "
321812,Manasukkul Mathappu,movie,"A man is shattered and loses his sanity after the woman he loves dies. In the mental asylum, his doctor falls in love with him but her father is against their union.",Drama,remake,"Prabhu, Saranya Ponvannan, Lissy, Sarath Babu, Senthamarai",Robert Asirvatham,7.0,1,3.6753,ta,,"a man is shattered and loses his sanity after the woman he loves dies. in the mental asylum, his doctor falls in love with him but her father is against their union. drama remake prabhu, saranya ponvannan, lissy, sarath babu, senthamarai robert asirvatham"
409398,Kismath,movie,"Irfan, a young Muslim boy, falls in love with a Hindu girl, Anita who is much older than him. However, when their families oppose their relationship, the duo seeks help from the police.","Romance, Drama","muslim, hindu, ponnani","Shane Nigam, Shruthy Menon, Vinay Forrt, Alencier Ley Lopez, P Balachandran",Shanavas K Bavakkutty,7.5,8,3.2456,ml,/47qFy6upNIvVNtmC7IZjHS8Jiy0.jpg,"irfan, a young muslim boy, falls in love with a hindu girl, anita who is much older than him. however, when their families oppose their relationship, the duo seeks help from the police. romance, drama muslim, hindu, ponnani shane nigam, shruthy menon, vinay forrt, alencier ley lopez, p balachandran shanavas k bavakkutty"
15226,C.I.D.,tv,"A team of dedicated men and women in the Crime Investigation Department will risk everything to solve Mumbai's toughest, most complicated crimes.","Action & Adventure, Crime, Drama, Mystery","detective, investigation, murder, justice","Shivaji Satham, Aditya Srivastava, Dayanand Shetty, Narendra Gupta, Parul Rai",Brijendra Pal Singh,5.7,31,297.791,hi,/3UymnlLfLMKxG8OcFhSnAlnhQfZ.jpg,"a team of dedicated men and women in the crime investigation department will risk everything to solve mumbai's toughest, most complicated crimes. action & adventure, crime, drama, mystery detective, investigation, murder, justice shivaji satham, aditya srivastava, dayanand shetty, narendra gupta, parul rai brijendra pal singh"
288024,Pherari Mon,tv,Gender bias and betrayal force Tulsi to infiltrate Agni's life. Will she win her battle?,Drama,romance,"Sudipta Roy, Bipul Patra, Bidipta Chakraborty, Arindam Ganguly",,0.0,0,172.1676,bn,/wdft7FxBdrIMAmPsobNInZ5mYoQ.jpg,"gender bias and betrayal force tulsi to infiltrate agni's life. will she win her battle? drama romance sudipta roy, bipul patra, bidipta chakraborty, arindam ganguly "
277494,Aggabai Sunbai,tv,"In this spin-off of the popular show Aggabai Sasubai, a homely Asawari has evolved to become the director of a renowned chain of restaurants, while her irresponsible son seems to have matured too.","Drama, Soap",,"Uma Pendharkar, Nivedita Joshi Saraf, Girish Oak, Adwait Dadarkar, Mohan Joshi",,0.0,0,142.6126,mr,/tiG5mD0VisU8GSQhIRwss6F55S4.jpg,"in this spin-off of the popular show aggabai sasubai, a homely asawari has evolved to become the director of a renowned chain of restaurants, while her irresponsible son seems to have matured too. drama, soap  uma pendharkar, nivedita joshi saraf, girish oak, adwait dadarkar, mohan joshi "
280926,Boron,tv,"Righteous Tithi has to endure the harsh consequences of spoilt brat Rudrik's actions. but when two souls at war get untied in martrimony, will they find love?","Drama, Family, Comedy",romance,"Indrani Paul, Sushmit Mukherjee, Priya Mondal, Kushal Chakraborty",,0.0,0,117.8816,bn,/qsh0JuM4CmjrmQQMIFDUtqqholJ.jpg,"righteous tithi has to endure the harsh consequences of spoilt brat rudrik's actions. but when two souls at war get untied in martrimony, will they find love? drama, family, comedy romance indrani paul, sushmit mukherjee, priya mondal, kushal chakraborty "
66465,The Kapil Sharma Show,tv,"Kapil Sharma is back with his gang - Bindu, Chandan and 'mohalle ki dhoban' Gudiya. In tow is a new character, Maski, along with Goli, Roopmati and more! Enjoy guaranteed laughter with Kapil and his antics as different celebrities join in.","Comedy, Talk",sketch comedy,"Kapil Sharma, Archana Puran Singh, Krishna Abhishek, Kiku Sharda, Sumona Chakravarti",,7.0,40,114.0638,hi,/fBPNBNFmcwhYXUpkW2Kb6jbeJOR.jpg,"kapil sharma is back with his gang - bindu, chandan and 'mohalle ki dhoban' gudiya. in tow is a new character, maski, along with goli, roopmati and more! enjoy guaranteed laughter with kapil and his antics as different celebrities join in. comedy, talk sketch comedy kapil sharma, archana puran singh, krishna abhishek, kiku sharda, sumona chakravarti "
288027,Sohag Chand,tv,"Love conquers all: a curvy girl, a fit guy, pure fun.",Drama,,"Anwesha Mukhopadhyay, Abhishek Veer Sharma, Rohit Mukherjee, Tanuka Chatterjee, Poushmita Goswami",,0.0,0,100.0496,bn,/jIl5E51O3oztmuyNZtXkbPSyKws.jpg,"love conquers all: a curvy girl, a fit guy, pure fun. drama  anwesha mukhopadhyay, abhishek veer sharma, rohit mukherjee, tanuka chatterjee, poushmita goswami "
276074,Paaru,tv,"Paaru, a simple girl, is in awe of Ahilya Devi, a tycoon who commands respect from others around her. A misunderstanding occurs when their paths cross, prompting Paaru to win Ahilya Devi over.",Drama,,"Sharayu Sonawane, Prasad Jawade, Mugdha Karnik, Vijay Patwardhan, Sanjana Kale",,0.0,0,99.7608,mr,/A48YbAePyJxrxCXwBeijhyX68jU.jpg,"paaru, a simple girl, is in awe of ahilya devi, a tycoon who commands respect from others around her. a misunderstanding occurs when their paths cross, prompting paaru to win ahilya devi over. drama  sharayu sonawane, prasad jawade, mugdha karnik, vijay patwardhan, sanjana kale "
318490,Kavyanjali,tv,,"Drama, Soap",,"Vidyashree Jayaram, Akshata Deshpande, Darshak Gowda, Pavan Ravindra",,0.0,0,87.0798,kn,/dLjqBkwQw1qMTh2gv1jH5E02VdY.jpg," drama, soap  vidyashree jayaram, akshata deshpande, darshak gowda, pavan ravindra "
82991,Bharaghar,tv,"The Tele-serial BHARAGHAR revolves around a family and their various tenants. Based on the relationships between the house owner’s family and the families of the various tenants, the plot of BHARAGHAR is mainly comic and also encompasses the lives of a few neighbours. The different plots are actually a broader reflection of the urban Assamese society. Crisp dialogues and stand-out performances by the cast of the tele-serial has made it one of the most-watched TV serial in the history of Assamese television. Every episode is conceived with a view to providing viewers wholesome entertainment.","Family, Drama, Comedy",sitcom,"Sagarika Goswami, Jayanta Das, Debashish Borthakur, Tehsin Akhtar",,8.0,1,77.4337,as,/heR3ac5EBZL3QPwrFFNEUEt8F8U.jpg,"the tele-serial bharaghar revolves around a family and their various tenants. based on the relationships between the house owner’s family and the families of the various tenants, the plot of bharaghar is mainly comic and also encompasses the lives of a few neighbours. the different plots are actually a broader reflection of the urban assamese society. crisp dialogues and stand-out performances by the cast of the tele-serial has made it one of the most-watched tv serial in the history of assamese television. every episode is conceived with a view to providing viewers wholesome entertainment. family, drama, comedy sitcom sagarika goswami, jayanta das, debashish borthakur, tehsin akhtar "
317270,Minnale,tv,,"Drama, Soap",,"Preethi Asrani, Shiv Sathish, Nirosha, Nithya",Radhika Sarathkumar,0.0,0,71.6041,ta,/wACr0ARXdPXZeakkw2ecg4PrDId.jpg," drama, soap  preethi asrani, shiv sathish, nirosha, nithya radhika sarathkumar"
97072,Charmsukh,tv,"Charmsukh is an erotic, drama web-series streamed on ULLU network with each episode having unique storyline.",Drama,web series,,YKO,7.0,3,64.2033,hi,/6Kt9zIsrtqs1x1XyNFxOeEjlkKB.jpg,"charmsukh is an erotic, drama web-series streamed on ullu network with each episode having unique storyline. drama web series  yko"
65682,Sister-in-Law Is at Home!,tv,"""Bhabiji Ghar Par Hain!"" is a popular Hindi sitcom that premiered in 2015 on And TV and is available on ZEE5. Produced by Binaifer Kohli, the show follows two neighboring couples—the Mishras and the Tiwaris. The husbands, Vibhuti Narayan Mishra and Manmohan Tiwari are dissatisfied in their marriages and secretly admire each other's wives. Manmohan, a successful undergarment businessman, is married to Angoori, a simple and naive housewife. Vibhuti, an unemployed former insurance agent, is married to Anita, a confident and modern woman who runs grooming classes. Their constant scheming to impress each other's wives leads to comedic conflicts and chaotic situations, mostly taking place in their homes. The show, inspired by the 1990s sitcom Shrimaan Shrimati, has been well received by both critics and audiences for its humor and engaging storyline.","Comedy, Drama, Family, Soap","neighbor, husband, sitcom, bhabiji","Aasif Sheikh, Rohitashv Gour, Shilpa Shinde, Saumya Tandon, Shubhangi Atre Poorey",Binaiferr S. Kohli,5.6,8,64.0807,hi,/2lkV7WWu1QbXV3PYqqslgGZMLNq.jpg,"""bhabiji ghar par hain!"" is a popular hindi sitcom that premiered in 2015 on and tv and is available on zee5. produced by binaifer kohli, the show follows two neighboring couples—the mishras and the tiwaris. the husbands, vibhuti narayan mishra and manmohan tiwari are dissatisfied in their marriages and secretly admire each other's wives. manmohan, a successful undergarment businessman, is married to angoori, a simple and naive housewife. vibhuti, an unemployed former insurance agent, is married to anita, a confident and modern woman who runs grooming classes. their constant scheming to impress each other's wives leads to comedic conflicts and chaotic situations, mostly taking place in their homes. the show, inspired by the 1990s sitcom shrimaan shrimati, has been well received by both critics and audiences for its humor and engaging storyline. comedy, drama, family, soap neighbor, husband, sitcom, bhabiji aasif sheikh, rohitashv gour, shilpa shinde, saumya tandon, shubhangi atre poorey binaiferr s. kohli"
240293,Jhanak,tv,A driven young woman embarks on a journey to fulfill a mother's promise for a better life as she overcomes challenges and loss while crossing paths with a man who further complicates her life.,Drama,"romance, tragedy","Krushal Ahuja, Hiba Nawab, Chandni Sharma, Rishi Kaushik",Leena Gangopadhyay,8.0,7,62.8902,hi,/lutE1Fi1L4BlH8qwn0XBWB8MBJl.jpg,"a driven young woman embarks on a journey to fulfill a mother's promise for a better life as she overcomes challenges and loss while crossing paths with a man who further complicates her life. drama romance, tragedy krushal ahuja, hiba nawab, chandni sharma, rishi kaushik leena gangopadhyay"
277628,Swarna Palace,tv,"Kundana vows revenge on the Kanakamedala family for unfairly usurping the ‘Samanthakamani Haaram, an exquisite piece of jewellery crafted by Kundanas father.",Drama,,,,0.0,0,60.8243,te,,"kundana vows revenge on the kanakamedala family for unfairly usurping the ‘samanthakamani haaram, an exquisite piece of jewellery crafted by kundanas father. drama   "
276612,Ninaithen Vandhai,tv,"Ezhil is devastated after his wife Indhumathi’s death. A simple village girl, Sudarvizhi, steps in to be his children's caretaker. But can Sudarvizhi fill the void in Ezhil and his children’s hearts?",Drama,supernatural,"Ganesh Venkatraman, Keerthana Podhuval, Jasmin Rath, Yukta Sharma, Anjali Rao",,0.0,0,59.9657,ta,/csdQGYq7zZ6Tt3BwIE3dfT3QcHr.jpg,"ezhil is devastated after his wife indhumathi’s death. a simple village girl, sudarvizhi, steps in to be his children's caretaker. but can sudarvizhi fill the void in ezhil and his children’s hearts? drama supernatural ganesh venkatraman, keerthana podhuval, jasmin rath, yukta sharma, anjali rao "
40382,Diya Aur Baati Hum,tv,"Diya Aur Baati Hum is an Indian television soap opera, broadcast on Star Plus channel from 29 August 2011. It stars Deepika Singh and Anas Rashid as the main protagonists.Set on the backdrop of Pushkar, Rajasthan, Diya Aur Baati Hum focused on breaking the stereotypical image of women in rural India by showing the inspirational journey of Sandhya Rathi, whose ambition is to become an IPS officer. She achieves her goal with the help of her husband, Sooraj, by going against all odds","Drama, Family, Soap",romance,"Deepika Singh Goyal, Anas Rashid, Neelu Vaghela, Ashok Lokhande, Kanika Maheshwari",Shashi Mittal,2.5,2,59.8208,hi,/nrTLrIPP4nHQaIsi2ft0gY4vSEo.jpg,"diya aur baati hum is an indian television soap opera, broadcast on star plus channel from 29 august 2011. it stars deepika singh and anas rashid as the main protagonists.set on the backdrop of pushkar, rajasthan, diya aur baati hum focused on breaking the stereotypical image of women in rural india by showing the inspirational journey of sandhya rathi, whose ambition is to become an ips officer. she achieves her goal with the help of her husband, sooraj, by going against all odds drama, family, soap romance deepika singh goyal, anas rashid, neelu vaghela, ashok lokhande, kanika maheshwari shashi mittal"
75287,Agniphera,tv,"Shrishti, a fierce lawyer, and Ragini, a woman who loves guns, both wish to marry the same man, Anurag. He must now choose between the two fiery women.","Drama, Soap, Comedy",,"Yukti Kapoor, Ankit Gera, Ayaz Ahmed, Karan Goddwani, Samridh Bawa",Taraknath Mourya,4.5,2,57.6672,hi,/oTCzqwaawP4uOOp3we1ZHzaRgZs.jpg,"shrishti, a fierce lawyer, and ragini, a woman who loves guns, both wish to marry the same man, anurag. he must now choose between the two fiery women. drama, soap, comedy  yukti kapoor, ankit gera, ayaz ahmed, karan goddwani, samridh bawa taraknath mourya"
44053,Amrit Manthan,tv,"Amrit Manthan is an Indian television soap opera, which premiered on 26 February 2012. It airs on Life OK Monday through Friday. It is the story of two sisters who become each other's enemies. At first, it was about the bond between two sisters, Nimrit and Amrit. Now, it shows the bond between another pair of sisters, Gurbani and Jyoti. The show will air its last episode on Friday, 2 August 2013 and be replaced by a new show called Gustakh Dil","Drama, Soap",,"Dimple Jhangiani, Adaa Khan, Ankita Sharma, Navi Bhangu, Waseem Mushtaq",,0.0,0,56.8552,hi,/A42W4oBjbIV2aVDLa1vD4m1bpDB.jpg,"amrit manthan is an indian television soap opera, which premiered on 26 february 2012. it airs on life ok monday through friday. it is the story of two sisters who become each other's enemies. at first, it was about the bond between two sisters, nimrit and amrit. now, it shows the bond between another pair of sisters, gurbani and jyoti. the show will air its last episode on friday, 2 august 2013 and be replaced by a new show called gustakh dil drama, soap  dimple jhangiani, adaa khan, ankita sharma, navi bhangu, waseem mushtaq "
319876,Poove Unakkaga,tv,,"Family, Soap",romance,"Radhika Preeti, Jovita Livingston, Srinish Aravind, Aamani, Chaya Singh",,0.0,0,52.3323,ta,/9V2lWqXeJ66DkjfpmJ3A3UlXPsS.jpg," family, soap romance radhika preeti, jovita livingston, srinish aravind, aamani, chaya singh "
322846,Kaala Teeka,tv,,Drama,romance,"Simran Pareenja, Fenil Umrigar, Rohan Gandotra, Mayank Gandhi, Bhupinder Singh",Bhavna Vyas,0.0,0,52.1505,hi,/f5w1btrj6iLp7GZSGvVLdWWWv8V.jpg," drama romance simran pareenja, fenil umrigar, rohan gandotra, mayank gandhi, bhupinder singh bhavna vyas"
333483,Hunkkaar: The Roar,tv,"When a teenager accuses a revered cult leader of sexual assault, it sparks a national conflict. As the truth unravels, the line between faith and justice blurs.","Crime, Drama","sexual assault, courtroom drama, minor girl, godmen","Aneet Padda, Fatima Sana Shaikh, Raghubir Yadav, Mohammed Zeeshan Ayyub, Arjun Mathur",Karan Kapadia,8.5,2,52.0898,hi,/5gaEiZDfTfSX7dPrUhOwSSBXDCM.jpg,"when a teenager accuses a revered cult leader of sexual assault, it sparks a national conflict. as the truth unravels, the line between faith and justice blurs. crime, drama sexual assault, courtroom drama, minor girl, godmen aneet padda, fatima sana shaikh, raghubir yadav, mohammed zeeshan ayyub, arjun mathur karan kapadia"
86310,RadhaKrishn,tv,"The story of Radha and Krishna is the epitome of eternal love, which transcends eras and emotions.","Drama, Family, Comedy, Action & Adventure, Soap",mythology,"Sumedh Mudgalkar, Mallika Singh, Basant Bhatt, Tarun Khanna, Piyali Munsi",Siddharth Kumar Tewary,9.0,4,46.8544,hi,/3SiMmfY0663JmjpAfftmj1h6XGP.jpg,"the story of radha and krishna is the epitome of eternal love, which transcends eras and emotions. drama, family, comedy, action & adventure, soap mythology sumedh mudgalkar, mallika singh, basant bhatt, tarun khanna, piyali munsi siddharth kumar tewary"
39314,Bade Achhe Lagte Hain,tv,Bade Achhe Lagte Hain  is the sublime love story of an unexpected relationship. A marriage of compromise between two completely opposite personalities blossoms into a true partnership.,"Drama, Family, Soap",,"Shivangi Joshi, Harshad Chopda, Manoj Kolhatkar, Pyumori Mehta Ghosh",Ekta Kapoor,8.0,3,44.4809,hi,/3gSjiLrEOzIBUQtndBeCf4CvMsL.jpg,"bade achhe lagte hain  is the sublime love story of an unexpected relationship. a marriage of compromise between two completely opposite personalities blossoms into a true partnership. drama, family, soap  shivangi joshi, harshad chopda, manoj kolhatkar, pyumori mehta ghosh ekta kapoor"
1307,Kasauti Zindagii Kay,tv,"Anurag and Prerna, two star-crossed lovers, are set to get married according to both their fathers' wishes. However, they face challenges in their love life and are separated due to circumstances.",Drama,,"Hiten Tejwani, Shweta Tiwari, Smita Bansal, Urvashi Dholakia, Ronit Roy",Ekta Kapoor,3.1,7,43.6321,hi,/v8Hdqnx4uvtZVnSHIQYiiTYnd16.jpg,"anurag and prerna, two star-crossed lovers, are set to get married according to both their fathers' wishes. however, they face challenges in their love life and are separated due to circumstances. drama  hiten tejwani, shweta tiwari, smita bansal, urvashi dholakia, ronit roy ekta kapoor"
111453,Ghum Hai Kisikey Pyaar Meiin,tv,"Sai Joshi, a fearless girl who aspires to become a doctor, marries an IPS officer, Virat Chavan, pretending to be a deal. The story revolves around the life of Sai in orthodox joint family of Virat and how Sai and Virat fall in love.","Drama, Soap, Family","family history, love affair, extramarital affair, family swap",,Leena Gangopadhyay,5.7,70,44.517,hi,/u3NVGYCpkAgBArXogLuHPfpSNwG.jpg,"sai joshi, a fearless girl who aspires to become a doctor, marries an ips officer, virat chavan, pretending to be a deal. the story revolves around the life of sai in orthodox joint family of virat and how sai and virat fall in love. drama, soap, family family history, love affair, extramarital affair, family swap  leena gangopadhyay"
278796,Kanaa,tv,"Anbarasi, an innocent village girl, dreams of making a name for herself in the field of sports but faces numerous obstacles. Will she manage to tackle the hurdles and fulfil her dream?",Drama,romance,"Dharshana Ashokan, Vishnu Unnikrishnan, Dhroshni Sekar, Keerthana",,0.0,0,50.129,ta,/n5v6vyYH1tBTNkm6HIiUAx4iVTi.jpg,"anbarasi, an innocent village girl, dreams of making a name for herself in the field of sports but faces numerous obstacles. will she manage to tackle the hurdles and fulfil her dream? drama romance dharshana ashokan, vishnu unnikrishnan, dhroshni sekar, keerthana "
257530,Laughter Chefs Unlimited Entertainment,tv,"Colors presents an innovative blend of celebrity personalities, culinary skills, and comedy, all coming together for a delightful entertainment experience.","Comedy, Family",,"Bharti Singh, Harpal Singh Shokhi, Krishna Abhishek, Kashmera Shah, Karan Kundra",,3.8,3,39.5831,hi,/zu9yTo3VOY5k7b3PQT5RT74W4GU.jpg,"colors presents an innovative blend of celebrity personalities, culinary skills, and comedy, all coming together for a delightful entertainment experience. comedy, family  bharti singh, harpal singh shokhi, krishna abhishek, kashmera shah, karan kundra "
316537,Kothha,tv,,Drama,romance,"Sushmita Dey, Shaheb Bhattacharya, Megha Das, Diya Mukherjee, Sumanta Mukherjee",Sadip Bhattacharya,8.0,1,43.0228,bn,/c19J5r63nHTxqUrvbh5Z4weH8x0.jpg," drama romance sushmita dey, shaheb bhattacharya, megha das, diya mukherjee, sumanta mukherjee sadip bhattacharya"
71734,Kumkum Bhagya,tv,"Follow the life of Punjabi matriarch Sarla Arora who runs a marriage hall and lives with the hope of seeing her two daughters Pragya and Bulbul who're poles apart, happily married some day.","Family, Drama, Soap",,"Pranali Rathod, Akshay Bindra, Namik Paul",Ekta Kapoor,3.6,9,45.684,hi,/3GGnq4bfBANUuYHK07zmMNC51CL.jpg,"follow the life of punjabi matriarch sarla arora who runs a marriage hall and lives with the hope of seeing her two daughters pragya and bulbul who're poles apart, happily married some day. family, drama, soap  pranali rathod, akshay bindra, namik paul ekta kapoor"
125364,Palang Tod,tv,Palang Tod is an erotic web series which tells a separate story in each episode.,Drama,,,,1.0,2,40.1943,hi,/3jAeJu40uKy0ondWdzQxu0A97MT.jpg,palang tod is an erotic web series which tells a separate story in each episode. drama   
6060,Kyunki Saas Bhi Kabhi Bahu Thi,tv,A mother-in-law's struggle to put up with her three bahu's. The three bahu's have grown up sons. The bahu's sons start to get involved with having girlfriends and the bahu's try and break their relationships up.,"Drama, Family, Soap",,"Smriti Irani, Amar Upadhyay, Tanisha Mehta, Rohit Suchanti, Shagun Sharma",Ekta Kapoor,3.4,12,36.418,hi,/rJfoyxt7FOKr7WPB6FPuffarpcn.jpg,"a mother-in-law's struggle to put up with her three bahu's. the three bahu's have grown up sons. the bahu's sons start to get involved with having girlfriends and the bahu's try and break their relationships up. drama, family, soap  smriti irani, amar upadhyay, tanisha mehta, rohit suchanti, shagun sharma ekta kapoor"
203769,Pushpa Impossible,tv,"Pushpa Impossible is the story about a feisty middle-aged woman having studied until grade 9 in a Gujarati medium school and going back to school at the age of 44! She is boisterous, uncouth, impulsive, hardworking and an endearingly loveable mother of three children. She is Pushpa Patel hailing from a small town Patan in Gujarat and now residing at Bapodra Chawl in Mumbai. The show is a peek into her day-to-day struggles, her small victories, her Juggad, her shortcomings, and her constant pursuit of living a good life while struggling as a full-time mother and part-time businesswoman. The show is an autobiography of a mother, who decides to go back to school and change her life by impacting many lives!","Family, Drama, Comedy",,"Karuna Pandey, Naveen Pandit, Garima Parihar, Bhakti Rathod, Sarita Joshi",JD Majethia,7.0,1,35.6304,hi,/jInpgPiN2KnTFAu2mtIbFJtFp7A.jpg,"pushpa impossible is the story about a feisty middle-aged woman having studied until grade 9 in a gujarati medium school and going back to school at the age of 44! she is boisterous, uncouth, impulsive, hardworking and an endearingly loveable mother of three children. she is pushpa patel hailing from a small town patan in gujarat and now residing at bapodra chawl in mumbai. the show is a peek into her day-to-day struggles, her small victories, her juggad, her shortcomings, and her constant pursuit of living a good life while struggling as a full-time mother and part-time businesswoman. the show is an autobiography of a mother, who decides to go back to school and change her life by impacting many lives! family, drama, comedy  karuna pandey, naveen pandit, garima parihar, bhakti rathod, sarita joshi jd majethia"
75384,Jiji Maa,tv,"Falguni is a maternal figure to her younger sister, Niyati, and endures all difficulties laid down by Uttaradevi to protect her sister from sorrow.","Drama, Soap",,"Tanvi Dogra, Dishank Arora, Bhavika Sharma, Subhashish Jha",Jay Mehta,0.0,0,46.9892,hi,/n03r99xHPAd47LaTTsGQnKovJNW.jpg,"falguni is a maternal figure to her younger sister, niyati, and endures all difficulties laid down by uttaradevi to protect her sister from sorrow. drama, soap  tanvi dogra, dishank arora, bhavika sharma, subhashish jha jay mehta"
285470,Grihoprobesh,tv,Star Jalsha Show,Drama,,"Ushasi Ray, Sushmit Mukherjee, Kaushambi Chakraborty, Sounak Ray, Bidipta Chakraborty",,0.0,0,32.547,bn,/brQPQNIT1bPJqaQpeAjuVfO9WJY.jpg,"star jalsha show drama  ushasi ray, sushmit mukherjee, kaushambi chakraborty, sounak ray, bidipta chakraborty "
42316,Devon Ke Dev...Mahadev,tv,"He is the supreme being and the destroyer of evil. Witness lord Shiva's story, his avatars, and a union that shaped the universe - his marriage to Parvati.",Drama,mythology,"Mohit Raina, Mouni Roy, Sonarika Bhadoria, Saurabh Raj Jain, Darshan Kumaar",,8.9,9,32.524,hi,/oMzXcYsUVIt6pQEODc6FRe8IBug.jpg,"he is the supreme being and the destroyer of evil. witness lord shiva's story, his avatars, and a union that shaped the universe - his marriage to parvati. drama mythology mohit raina, mouni roy, sonarika bhadoria, saurabh raj jain, darshan kumaar "
8478,Shagun,tv,Shagun was a Hindi language daily Indian soap opera that was telecast on STAR Plus. It was story of fortune's twists and pitfalls that tear asunder the lives of two cousins tied together by a bond stronger than that of blood - the bond of love.,"Drama, Family",,"Surbhi Tiwari, Kabir Sadanand, Rekha Rao, Surendra Pal",,0.0,0,30.8965,hi,/3E4BI0RMtLJIC4wIHdVZTxmSjG9.jpg,"shagun was a hindi language daily indian soap opera that was telecast on star plus. it was story of fortune's twists and pitfalls that tear asunder the lives of two cousins tied together by a bond stronger than that of blood - the bond of love. drama, family  surbhi tiwari, kabir sadanand, rekha rao, surendra pal "
14038,Kahiin to Hoga,tv,Kahiin to Hoga is an Indian soap opera which aired on STAR Plus between September 2003 and February 2007. The show was created by Ekta Kapoor of Balaji Telefilms. The romantic-drama series was show was one of the famous television program during its airing period which helped Star Plus capitalize the television market in the 2004-2006 era. Kahiin to Hoga suffered huge loss when its lead Rajeev Khandelwal left the show in between.,"Drama, Soap",,"Aamna Shariff, Rajeev Khandelwal, Shabbir Ahluwalia, Rohit Bakshi, Gurpreet Singh",Ekta Kapoor,3.143,7,39.3431,hi,/7z2eM8uwxawWPAcAEU3iYpHNSuE.jpg,"kahiin to hoga is an indian soap opera which aired on star plus between september 2003 and february 2007. the show was created by ekta kapoor of balaji telefilms. the romantic-drama series was show was one of the famous television program during its airing period which helped star plus capitalize the television market in the 2004-2006 era. kahiin to hoga suffered huge loss when its lead rajeev khandelwal left the show in between. drama, soap  aamna shariff, rajeev khandelwal, shabbir ahluwalia, rohit bakshi, gurpreet singh ekta kapoor"
280931,Dhrubatara,tv,"Childhood friends Tara and Agni are secretly in love with each other. But their happiness is short-lived when Dhruva, a shrewd businessman enters their life.","Drama, Family",romance,"Shyamoupti Mudly, Indrajeet Bose, Suvajit Kar, Priyantika Karmakar, Animesh Bhaduri",,0.0,0,34.7044,bn,/sOTZoAzzogY3PTaAowMYJpbnBCG.jpg,"childhood friends tara and agni are secretly in love with each other. but their happiness is short-lived when dhruva, a shrewd businessman enters their life. drama, family romance shyamoupti mudly, indrajeet bose, suvajit kar, priyantika karmakar, animesh bhaduri "
13700,Indian Idol,tv,The Indian version of the Pop Idol format.,Reality,singing competition,"Vishal Dadlani, Shreya Ghoshal, Aditya Narayan, Badshah",,5.7,17,29.3641,hi,/jCMw8httzGvjTu0NZjiclqUQD6c.jpg,"the indian version of the pop idol format. reality singing competition vishal dadlani, shreya ghoshal, aditya narayan, badshah "
235380,Sri Ramkrishna,tv,"From being a simple Brahmin boy to the priest at the Dakhineshwar Kali temple, follow the journey of iconic spiritual leader and mystic, Sri Ramkrishna.",Drama,,"Arijit Sengupta, Rita Dutta Chakraborty, Kharaj Mukherjee, Rajatabha Dutta",,0.0,0,31.5996,bn,/eWAfI8qLEgeqCpYTQA10PK24n7O.jpg,"from being a simple brahmin boy to the priest at the dakhineshwar kali temple, follow the journey of iconic spiritual leader and mystic, sri ramkrishna. drama  arijit sengupta, rita dutta chakraborty, kharaj mukherjee, rajatabha dutta "
99811,Qurbaan Hua,tv,Qurbaan Hua is an Indian Hindi drama television series which broadcast on Zee TV. It is produced by Full House Media of Sonali Jaffer and Amir Jaffer,"Drama, Family",,"Karan Jotwani, Pratibha Ranta, Sonali Nikam, Nitin Bhasin, Neelam Pathania",Sonali Jaffer,2.0,1,37.9858,hi,/b2K7BlPIdOqKUhhah4rl7Ei9NR6.jpg,"qurbaan hua is an indian hindi drama television series which broadcast on zee tv. it is produced by full house media of sonali jaffer and amir jaffer drama, family  karan jotwani, pratibha ranta, sonali nikam, nitin bhasin, neelam pathania sonali jaffer"
39390,Iss Pyaar Ko Kya Naam Doon?,tv,"Khushi and Arnav have diametrically opposite ideologies. If Khushi believes in means, Arnav believes only in ends. Khushi's relationships are the most important to her, whereas Arnav believes all people come with a price and can be manipulated for one's benefit.","Drama, Family, Soap","jealousy, husband wife relationship, suicide attempt, delhi, india, marriage of convenience, love-hate relationship, deception, romcom, romance, family relationships, goat, misunderstanding, bromance, tragic past, strong man, star crossed lovers, opposites attract, employer employee relationship, rich man poor woman, business tycoon, forced marriage, emotional blackmail, hate-speak, fake marriage, power abuse, naive girl, abduction, dance ritual, brother sister relationship, love story, happy ending, feelgood, abusive relationship, enemies to lovers, passion and romance, sisters love, bickering couple, soap opera, contract marriage, older sister younger brother, indian festivals, wedding rituals","Sanaya Irani, Barun Sobti, Dalljiet Kaur, Abhaas Mehta, Akshay Dogra",Aakash Pandey,7.7,15,34.7173,hi,/bAHnfeAz4yF3SpZdVSOVMUEjMSP.jpg,"khushi and arnav have diametrically opposite ideologies. if khushi believes in means, arnav believes only in ends. khushi's relationships are the most important to her, whereas arnav believes all people come with a price and can be manipulated for one's benefit. drama, family, soap jealousy, husband wife relationship, suicide attempt, delhi, india, marriage of convenience, love-hate relationship, deception, romcom, romance, family relationships, goat, misunderstanding, bromance, tragic past, strong man, star crossed lovers, opposites attract, employer employee relationship, rich man poor woman, business tycoon, forced marriage, emotional blackmail, hate-speak, fake marriage, power abuse, naive girl, abduction, dance ritual, brother sister relationship, love story, happy ending, feelgood, abusive relationship, enemies to lovers, passion and romance, sisters love, bickering couple, soap opera, contract marriage, older sister younger brother, indian festivals, wedding rituals sanaya irani, barun sobti, dalljiet kaur, abhaas mehta, akshay dogra aakash pandey"
91073,Choti Sarrdaarni,tv,"Meher is coerced by her mother into marrying Sarabjeet, a widower with a 5 year-old child. But, much to her mother's dislike, Meher is pregnant with her lover, Manav's child. Can she stand up for her love and fight her own?",Drama,,"Nimrit Ahluwalia, Avinesh Rekhi, Shivendraa Om Saainiyol, Anita Raj, Amal Sehrawat",Ranjeev Nitu,0.0,0,28.7665,hi,/yfjSzkR82f5P8Nep3g1FFJvarLe.jpg,"meher is coerced by her mother into marrying sarabjeet, a widower with a 5 year-old child. but, much to her mother's dislike, meher is pregnant with her lover, manav's child. can she stand up for her love and fight her own? drama  nimrit ahluwalia, avinesh rekhi, shivendraa om saainiyol, anita raj, amal sehrawat ranjeev nitu"
218555,Saathi,tv,A young woman leads her life happily in an orphanage until she crosses paths with a prominent lawyer who proposes a contractual marriage in return for helping her get through a difficult situation.,Drama,,"Anumita Dutta, Indrajeet Bose, Annmary Tom, Debdut Ghosh, Tania Kar",,2.0,1,46.0841,bn,/9QDFJZxCBCAc5oTrJW7XJYF78cD.jpg,"a young woman leads her life happily in an orphanage until she crosses paths with a prominent lawyer who proposes a contractual marriage in return for helping her get through a difficult situation. drama  anumita dutta, indrajeet bose, annmary tom, debdut ghosh, tania kar "
60698,Comedy Nights with Kapil,tv,Comedy Nights with Kapil is a comedy show which provides a distinctive take on the everyday life of a common man as the show explores the story of every household and how our common man Kapil is affected by the simplest issues in life around him.,Comedy,sketch comedy,"Kapil Sharma, Navjot Singh Sidhu, Ali Asgar, Sunil Grover, Naseem Vicky",Kapil Sharma,6.8,22,30.6163,hi,/9rScFaEadiT3r46LuT9wWOkh3fo.jpg,"comedy nights with kapil is a comedy show which provides a distinctive take on the everyday life of a common man as the show explores the story of every household and how our common man kapil is affected by the simplest issues in life around him. comedy sketch comedy kapil sharma, navjot singh sidhu, ali asgar, sunil grover, naseem vicky kapil sharma"
8368,Shree,tv,"Shree is a Hindi language supernatural soap opera that airs on Zee TV channel. The series premiered on December 22, 2008 and airs every Monday - Thursday at 10:30pm IST. The series is produced by J.D. Majethia of Hats Off Productions, and stars Wasna Ahmed as Shree and Pankaj Singh Tiwari as Hari in the main lead.","Drama, Sci-Fi & Fantasy, Mystery","supernatural, romantic thriller","Wasna Ahmed, Pankaj Singh Tiwari, Veebha Anand, Jiten Lalwani, Sparsh Khanchandani",,0.0,0,31.7745,hi,/tjbL3VIWbZwMvua8xvJPm3DP1gW.jpg,"shree is a hindi language supernatural soap opera that airs on zee tv channel. the series premiered on december 22, 2008 and airs every monday - thursday at 10:30pm ist. the series is produced by j.d. majethia of hats off productions, and stars wasna ahmed as shree and pankaj singh tiwari as hari in the main lead. drama, sci-fi & fantasy, mystery supernatural, romantic thriller wasna ahmed, pankaj singh tiwari, veebha anand, jiten lalwani, sparsh khanchandani "
116479,Anupamaa,tv,"Anupama had to sacrifice a lot to become an ideal wife, daughter-in-law, and mother. After a bitter realisation, she sets out to live on her own terms.","Drama, Soap",dus saal baad,"Rupali Ganguly, Adrija Roy, Shivam Khajuria, Sudhanshu Pandey, Paras Kalnawat",Rajan Shahi,4.8,26,29.9393,hi,/i3ZcFxUiGr6HV5yv1i6n7uKHyj7.jpg,"anupama had to sacrifice a lot to become an ideal wife, daughter-in-law, and mother. after a bitter realisation, she sets out to live on her own terms. drama, soap dus saal baad rupali ganguly, adrija roy, shivam khajuria, sudhanshu pandey, paras kalnawat rajan shahi"
286298,Mangal Lakshmi,tv,"Mangal journeys to find an ideal husband for beloved Lakshmi. Despite obstacles, Mangal persists, revealing the power of sisterhood and predestined connections.",Family,melodrama,"Deepika Singh Goyal, Naman Shaw, Sarwar Ahuja, Manan Joshi, Avinash Sachdev",,0.0,0,26.2538,hi,/nYS9kE2CZt9wUn4wj6cUSkKHN4E.jpg,"mangal journeys to find an ideal husband for beloved lakshmi. despite obstacles, mangal persists, revealing the power of sisterhood and predestined connections. family melodrama deepika singh goyal, naman shaw, sarwar ahuja, manan joshi, avinash sachdev "
85518,Khatron Ke Khiladi,tv,Twelve celebrity contestants face their worst fears and perform a series of death-defying stunts under the supervision of a host to win the coveted title.,Reality,,,,6.0,6,27.9023,hi,/kHXlvY8SRHmGyipgBxaTbfgEeIy.jpg,twelve celebrity contestants face their worst fears and perform a series of death-defying stunts under the supervision of a host to win the coveted title. reality   
293455,Noyontara,tv,"With a gift of seeing the spirit world, Noyon’s life equals a spooky adventure! When she marries into the Sengupta family, a history of dark secrets unravels.",Drama,"supernatural, thriller","Shruti Bisht, Arjun Chakrabarty, Heena Parmar, Shubham Dipta, Sakshi Sharma",Nissar Parvez,0.0,0,26.589,hi,/tFRxH7jJCydvTKZCY2l6Nj0QTxj.jpg,"with a gift of seeing the spirit world, noyon’s life equals a spooky adventure! when she marries into the sengupta family, a history of dark secrets unravels. drama supernatural, thriller shruti bisht, arjun chakrabarty, heena parmar, shubham dipta, sakshi sharma nissar parvez"
14544,Koffee with Karan,tv,"Koffee with Karan is an Indian talk show hosted by filmmaker and television personality Karan Johar and produced by Dharmatic Entertainment, the digital content division of Johar's production company Dharma Productions",Talk,"talk show, celebrity, gossip",Karan Johar,Karan Johar,5.9,24,27.853,hi,/xyaDqO917xzA0iQwtdMPHC5oJVV.jpg,"koffee with karan is an indian talk show hosted by filmmaker and television personality karan johar and produced by dharmatic entertainment, the digital content division of johar's production company dharma productions talk talk show, celebrity, gossip karan johar karan johar"
102823,Mastram,tv,An aspiring author living in the heartland of 1980s India discovers that sex sells when the addition of erotic content to his book finally results in sales.,"Drama, Comedy",,"Anshuman Jha, Tara Alisha Berry, Aakash Dabhade, Jagat Rawat, Vipin Sharma",Harish Vyas,7.0,11,28.6777,hi,/j9FnTVX6SNSFSCy953rNmoyGOyM.jpg,"an aspiring author living in the heartland of 1980s india discovers that sex sells when the addition of erotic content to his book finally results in sales. drama, comedy  anshuman jha, tara alisha berry, aakash dabhade, jagat rawat, vipin sharma harish vyas"
278208,SeethaRama,tv,"Sri Ram, an eligible bachelor, falls in love with Seetha, a single mother. Will the judgemental society allow their bond to grow?",Drama,,"Vaishnavi Gowda, Gagan Chinnappa, Rithu Singh, Pooja Lokesh, Mukhyamantri Chandru",,0.0,0,26.1872,kn,/gPOO8nQRRu5poPMPhvORj0ZlrXc.jpg,"sri ram, an eligible bachelor, falls in love with seetha, a single mother. will the judgemental society allow their bond to grow? drama  vaishnavi gowda, gagan chinnappa, rithu singh, pooja lokesh, mukhyamantri chandru "
75439,Ishq Mein Marjawan,tv,"She had the perfect life, the perfect man but little did she know that she was walking into the perfect trap. What happens when the man you love turns out to be a genius manipulator?","Crime, Mystery, Drama",,"Aalisha Panwar, Arjun Bijlani, Nia Sharma, Zain Imam, Reem Shaikh",Yash A. Patnaik,4.2,4,28.442,hi,/6GxRfPAGIq1qVFVo55rQp39klfV.jpg,"she had the perfect life, the perfect man but little did she know that she was walking into the perfect trap. what happens when the man you love turns out to be a genius manipulator? crime, mystery, drama  aalisha panwar, arjun bijlani, nia sharma, zain imam, reem shaikh yash a. patnaik"
117751,Pandya Store,tv,"In the era of nuclear families, Dhara uses her entrepreneurial foresight to revive her ancestral business. But can she keep her family united against all odds?","Soap, Drama",,"Priyanshi Yadav, Rohit Chandel, Kruttika Desai, Shabaaz Abdullah Badi, Sahil Uppal",Sunjoy Waddhwa,0.5,1,24.3105,hi,/iwOMRmDWSBu4qSRSB22yYPPL6Qr.jpg,"in the era of nuclear families, dhara uses her entrepreneurial foresight to revive her ancestral business. but can she keep her family united against all odds? soap, drama  priyanshi yadav, rohit chandel, kruttika desai, shabaaz abdullah badi, sahil uppal sunjoy waddhwa"
60580,Jodha & Akbar,tv,"Jodha Akbar is an epic drama about a sixteenth century story of the political marriage of convenience between a Mughal emperor Abu'l-Fath Jalal ud-din Muhammad Akbar and a Rajput princess Jodha Bai. The show focuses on how their political marriage brings love between them to an extent that it changed the fate of India. This period drama also portrays the wars of that time along with the relations between the Mughals and the Rajputs. The drama also focuses on the functioning of the queens, the courts, courtesans, the ministers and their influence on the love story of Jalal ud-din Muhammad Akbar and Jodha Bai. The show also highlights on how Mughal emperor Jalal ud-din Muhammad acquires the title of Akbar from the people.","Drama, Family","muslim, emperor, marriage of convenience, marriage, india, battle, ruler, historical drama, 16th century","Paridhi Sharma, Rajat Tokas, Lavina Tandon, Ashwini Kalsekar",Ekta Kapoor,5.6,15,23.1211,hi,/oz5z1aOo7IaUjdDSIeNmTbeyGVo.jpg,"jodha akbar is an epic drama about a sixteenth century story of the political marriage of convenience between a mughal emperor abu'l-fath jalal ud-din muhammad akbar and a rajput princess jodha bai. the show focuses on how their political marriage brings love between them to an extent that it changed the fate of india. this period drama also portrays the wars of that time along with the relations between the mughals and the rajputs. the drama also focuses on the functioning of the queens, the courts, courtesans, the ministers and their influence on the love story of jalal ud-din muhammad akbar and jodha bai. the show also highlights on how mughal emperor jalal ud-din muhammad acquires the title of akbar from the people. drama, family muslim, emperor, marriage of convenience, marriage, india, battle, ruler, historical drama, 16th century paridhi sharma, rajat tokas, lavina tandon, ashwini kalsekar ekta kapoor"
18486,Pavitra Rishta,tv,Pavitra Rishta is an Indian soap opera that airs on Zee TV. It premiered on 1 June 2009 and airs weeknights. It is produced by Ekta Kapoor of Balaji Telefilms. Pavitra Rishta portrays the life of two common middle-class Maharashtrian families in the city of Mumbai and their day-to-day life. It particularly focuses on the journey of the couple Manav and Archana and their grown-up children.,Drama,,"Ankita Lokhande, Sushant Singh Rajput, Hiten Tejwani, Shruti Kanwar, Asha Negi",Ekta Kapoor,6.3,6,24.1564,hi,/siFWxob8bnFpndsWz5fnyeayt97.jpg,"pavitra rishta is an indian soap opera that airs on zee tv. it premiered on 1 june 2009 and airs weeknights. it is produced by ekta kapoor of balaji telefilms. pavitra rishta portrays the life of two common middle-class maharashtrian families in the city of mumbai and their day-to-day life. it particularly focuses on the journey of the couple manav and archana and their grown-up children. drama  ankita lokhande, sushant singh rajput, hiten tejwani, shruti kanwar, asha negi ekta kapoor"
237349,Ek Mahanayak - Dr B R Ambedkar,tv,"Ek Mahanayak is the story of Dr. Bhimrao Ambedkar, the founding father of the Constitution of India. For the first time, the story of Babasaheb will be shown on television through serial. The show will include inspiring parts of Babasaheb's life. The story of this show will begin from the childhood of Babasaheb. In which Bhimrao Ambedkar's role will be seen playing child artist Aayudh Bhanushali. Later Prasad Jawade will be seen in the role of young Baba Saheb.","Family, Drama, Reality",,"Atharva Karve, Narayani Varne, Neha Joshi, Aayudh Bhanushali, Jagannath Nivangune",Imtiaz Punjabi,10.0,1,23.6766,hi,/nUWsTE6fXf7tv02bI2pEdnUntjK.jpg,"ek mahanayak is the story of dr. bhimrao ambedkar, the founding father of the constitution of india. for the first time, the story of babasaheb will be shown on television through serial. the show will include inspiring parts of babasaheb's life. the story of this show will begin from the childhood of babasaheb. in which bhimrao ambedkar's role will be seen playing child artist aayudh bhanushali. later prasad jawade will be seen in the role of young baba saheb. family, drama, reality  atharva karve, narayani varne, neha joshi, aayudh bhanushali, jagannath nivangune imtiaz punjabi"
262838,India's Got Latent,tv,"India's Got Latent is an Indian Hindi comedy talent show hosted by Samay Raina on YouTube. Inspired by the international Got Talent franchise and Kill Tony, it features a wide variety of acts including singing, dancing, magic, and comedy.","Reality, Comedy","comedian, controversy, stand-up comedy, dark comedy, india, controversial artist, indian, actor, hindi, cheerful, joyful, indians, guests starrings, controversial, raunchy comedy",Samay Raina,Samay Raina,8.8,11,24.5118,hi,/8jcdd5HqW4nhF2upVGFS0KJ6hdY.jpg,"india's got latent is an indian hindi comedy talent show hosted by samay raina on youtube. inspired by the international got talent franchise and kill tony, it features a wide variety of acts including singing, dancing, magic, and comedy. reality, comedy comedian, controversy, stand-up comedy, dark comedy, india, controversial artist, indian, actor, hindi, cheerful, joyful, indians, guests starrings, controversial, raunchy comedy samay raina samay raina"
261116,Megha Barsenge,tv,"A simple newly wed bride gets deceived and abandoned by her NRI groom, takes charge of herself overcomes deceit and restores her and her family’s respect (with the help of a well-wisher), and charts for herself a “New Life.",Drama,"romance, social issues, melodrama","Neha Rana, Neil Bhatt, Heet Sharma, Kinshuk Mahajan",Saurabh Tewari,0.0,0,21.5081,hi,/cNMcQxz1WwFYTcJPlCQXd0tx0hn.jpg,"a simple newly wed bride gets deceived and abandoned by her nri groom, takes charge of herself overcomes deceit and restores her and her family’s respect (with the help of a well-wisher), and charts for herself a “new life. drama romance, social issues, melodrama neha rana, neil bhatt, heet sharma, kinshuk mahajan saurabh tewari"
84105,Mirzapur,tv,"The iron-fisted Akhandanand Tripathi is a millionaire carpet exporter and the mafia don of Mirzapur. His son, Munna, is an unworthy, power-hungry heir who will stop at nothing to inherit his father's legacy. An incident at a wedding procession forces him to cross paths with Ramakant Pandit, an upstanding lawyer, and his sons, Guddu and Bablu. It snowballs into a game of ambition, power and greed that threatens the fabric of this lawless city.","Crime, Action & Adventure, Drama","gun, gangster, lawlessness, revenge, drugs, father son relationship, brother brother relationship, sex, abusive language, weapons smuggling, businessman criminal, shot in the head","Ali Fazal, Pankaj Tripathi, Shweta Tripathi Sharma, Rasika Dugal, Harshita Gaur",Karan Anshuman,8.0,193,22.3026,hi,/1rxLUFVrtTo82OxhbDXJDiJVkwL.jpg,"the iron-fisted akhandanand tripathi is a millionaire carpet exporter and the mafia don of mirzapur. his son, munna, is an unworthy, power-hungry heir who will stop at nothing to inherit his father's legacy. an incident at a wedding procession forces him to cross paths with ramakant pandit, an upstanding lawyer, and his sons, guddu and bablu. it snowballs into a game of ambition, power and greed that threatens the fabric of this lawless city. crime, action & adventure, drama gun, gangster, lawlessness, revenge, drugs, father son relationship, brother brother relationship, sex, abusive language, weapons smuggling, businessman criminal, shot in the head ali fazal, pankaj tripathi, shweta tripathi sharma, rasika dugal, harshita gaur karan anshuman"
68604,Ishqbaaaz,tv,"Follows three brothers - Shivaay, Omkara and Rudra -- who share an unbreakable bond despite their dysfunctional family.What happens when cupid strikes each of them?","Drama, Family","romance, dramedy, wealthy family, couples, sibling bond","Nakuul Mehta, Surbhi Chandna, Kunal Jaisingh, Shrenu Parikh, Leenesh Mattoo",Gul Khan,9.0,4,24.0902,hi,/lOa6zZVA9q6tBVZobRhWIdRMtEp.jpg,"follows three brothers - shivaay, omkara and rudra -- who share an unbreakable bond despite their dysfunctional family.what happens when cupid strikes each of them? drama, family romance, dramedy, wealthy family, couples, sibling bond nakuul mehta, surbhi chandna, kunal jaisingh, shrenu parikh, leenesh mattoo gul khan"
315038,Resort,tv,A debt-ridden room service boy rises to challenge a ruthless kitchen at a luxurious beachside haven.,"Drama, Comedy",,"Vijay Kumar, Abeneya Nethran, Thalaivasal Vijay, Ganja Karuppu, Amar Keerthy",Vijay Kumar,8.5,2,27.5747,ta,/97eNYDXNMcnl1X1iXzUJqEw4A5w.jpg,"a debt-ridden room service boy rises to challenge a ruthless kitchen at a luxurious beachside haven. drama, comedy  vijay kumar, abeneya nethran, thalaivasal vijay, ganja karuppu, amar keerthy vijay kumar"
83985,Chandragupta Maurya,tv,The story of how Indian Emperor Chandragupta Maurya and his teacher Chanakya work together to unify India and Defend from foreign invaders.,Action & Adventure,"emperor, kingdom, india, spin off","Faisal Hussain Khan, Kartikey Malviya, Tarun Khanna, Sourabh Raaj Jain, Nimai Bali",Siddharth Kumar Tewary,8.3,3,21.8005,hi,/5ad1ARW2usTdklbZnLgyFKmL757.jpg,"the story of how indian emperor chandragupta maurya and his teacher chanakya work together to unify india and defend from foreign invaders. action & adventure emperor, kingdom, india, spin off faisal hussain khan, kartikey malviya, tarun khanna, sourabh raaj jain, nimai bali siddharth kumar tewary"
317058,Nenjam Marappathillai,tv,,"Drama, Soap",,"Sharanya Turadi, Amit Bhargav, Nisha Krishnan, Ashwanth Thilak",Rasool,0.0,0,22.4619,hi,/gQTXFPCriMXsM2bIOkhqLXADuL6.jpg," drama, soap  sharanya turadi, amit bhargav, nisha krishnan, ashwanth thilak rasool"
34522,Adaalat,tv,"K.D Pathak is a suave, sophisticated, witty and yet unconventional defence lawyer with an impeccable track record. He stands not for his client, but for Justice.","Drama, Crime, Mystery","challenge, lawyer","Ronit Roy, Romit Raj, Sunayana Fozdar, Shraman Jain, Prerna Wanvari",Abhimanyu Singh,7.5,2,22.7262,hi,/m2G5WVHX4n2ETdBpAUHGK71C0J7.jpg,"k.d pathak is a suave, sophisticated, witty and yet unconventional defence lawyer with an impeccable track record. he stands not for his client, but for justice. drama, crime, mystery challenge, lawyer ronit roy, romit raj, sunayana fozdar, shraman jain, prerna wanvari abhimanyu singh"
72522,May I Come in Madam?,tv,"Sajan Agarwal is mentally tortured by his mother-in-law and Bhupesh. He falls in love with his new boss, Sanjana.",Comedy,"love triangle, workplace romance, nagging wife, schizophrenic","Neha Pendse, Sandeep Anand, Sapna Sikarwar, Anup Upadhyay, Soma Rathod",Shashank Bali,8.0,2,21.9933,hi,/9EPETo34jIGycdAROzdDDfs6sIW.jpg,"sajan agarwal is mentally tortured by his mother-in-law and bhupesh. he falls in love with his new boss, sanjana. comedy love triangle, workplace romance, nagging wife, schizophrenic neha pendse, sandeep anand, sapna sikarwar, anup upadhyay, soma rathod shashank bali"
113269,Molkki,tv,"Following the regressive age-old practice of 'Molkki', a lively young girl is married off to a rich widower in return for money. However, an unfortunate accident changes her fortunes for good.",Drama,social,"Vidhi Yadav, Ashish Kapoor",Ekta Kapoor,0.0,0,28.5726,hi,/dYFPd6jTPC3xrO3oRCQX9arh8Kl.jpg,"following the regressive age-old practice of 'molkki', a lively young girl is married off to a rich widower in return for money. however, an unfortunate accident changes her fortunes for good. drama social vidhi yadav, ashish kapoor ekta kapoor"
285471,Chirosakha,tv,Star Jalsha TV shwo,"Drama, Family",,"Aparajita Ghosh Das, Sudip Mukherjee, Sayak Chakraborty, Raja Goswami, Puja Banik",Leena Gangopadhyay,0.0,0,12.9759,bn,/mq60zZpxruaJdT1SumgcuVP90W1.jpg,"star jalsha tv shwo drama, family  aparajita ghosh das, sudip mukherjee, sayak chakraborty, raja goswami, puja banik leena gangopadhyay"
84982,Aladdin - Naam Toh Suna Hoga,tv,"Aladdin is an age-old fantasy tale of a 20-year-old boy and his travails around his family and love. It is an absolute family entertainer show. It has got the fantastical factor of classic tale as well as the nail-biting thriller, heart-warming romance and affecting family equations. Despite being set in a very old legendary talismanic era, all the characters are entertaining, yet relatable which makes the fans correlate with its humor.","Comedy, Drama, Sci-Fi & Fantasy",romance,"Siddharth Nigam, Avneet Kaur, Aamir Dalvi, Raashul Tandon, Smita Bansal",Alind Srivastava,7.0,2,21.8794,hi,/rnsl10ArRoAWVRTsGR6uq15qIaz.jpg,"aladdin is an age-old fantasy tale of a 20-year-old boy and his travails around his family and love. it is an absolute family entertainer show. it has got the fantastical factor of classic tale as well as the nail-biting thriller, heart-warming romance and affecting family equations. despite being set in a very old legendary talismanic era, all the characters are entertaining, yet relatable which makes the fans correlate with its humor. comedy, drama, sci-fi & fantasy romance siddharth nigam, avneet kaur, aamir dalvi, raashul tandon, smita bansal alind srivastava"
76791,Naagin,tv,"A miraculous shape-shifting snake has the power to become a human. She can be anybody she wants: a wife, a seductress, a mistress, a damsel in distress: all in the name of revenge.","Action & Adventure, Mystery, Sci-Fi & Fantasy",snake,"Priyanka Chahar, Alice Kaushik, Ribbhu Mehra, Namik Paul",Ekta Kapoor,3.1,7,21.767,hi,/r76GlGdzE5OCq3LRx1niR8IEli0.jpg,"a miraculous shape-shifting snake has the power to become a human. she can be anybody she wants: a wife, a seductress, a mistress, a damsel in distress: all in the name of revenge. action & adventure, mystery, sci-fi & fantasy snake priyanka chahar, alice kaushik, ribbhu mehra, namik paul ekta kapoor"
60118,Brave Son of India: Maharana Pratap,tv,"Bharat Ka Veer Putra – Maharana Pratap is an Indian television series produced by Abhimanyu Singh of Contiloe Entertainment, based on the life of 16th century Rajput ruler of Mewar, Maharana Pratap Singh. The series premiered on Sony TV on May 27, 2013. The series is introduced by Bollywood actor Amitabh Bachchan.","Documentary, Drama","bravery, freedom, king, maharajah","Sharad Malhotra, Faisal Hussain Khan, Rachana Parulkar, Roshni Walia, Avinesh Rekhi",Abhimanyu Singh,6.2,2,21.7901,hi,/h452XNOVO4bTwiSGIcblGEMOAxH.jpg,"bharat ka veer putra – maharana pratap is an indian television series produced by abhimanyu singh of contiloe entertainment, based on the life of 16th century rajput ruler of mewar, maharana pratap singh. the series premiered on sony tv on may 27, 2013. the series is introduced by bollywood actor amitabh bachchan. documentary, drama bravery, freedom, king, maharajah sharad malhotra, faisal hussain khan, rachana parulkar, roshni walia, avinesh rekhi abhimanyu singh"
75230,Vighnaharta Ganesh,tv,"Vighnaharta Ganesh showcases the journey of the deity Ganesha and presents a magical visual extravaganza with impeccable production design, celestial costumes and ingenious audio-visual experience through Motion Capture technology. This technology will make the emotional journey of how Ganesha transformed from being an ostracized child to ""Prathamesh"" amongst Gods, a more endearing and realistic experience. Motion Capture technology and animatronics which will be used for the first time on Indian Television, after being extensively used in Hollywood. This technology will replace the age old depiction of Lord Ganesha with an inert mask and bring alive the detailed life-like movements and facial expressions to the fore giving the viewers a delightful visual treat. This magnum opus is supported by a stellar star-cast that includes Uzair Basar playing Ganesha, Akanksha Puri as Parvati, Malkhan Singh as Shiv, Basant Bhatt as Kartikeya and Anand Garodia as Narada Muni.",Drama,"mythology, devotional",,,9.5,2,21.6026,hi,/hjtGudCLbL8CGmmwHSjOd0lgWFY.jpg,"vighnaharta ganesh showcases the journey of the deity ganesha and presents a magical visual extravaganza with impeccable production design, celestial costumes and ingenious audio-visual experience through motion capture technology. this technology will make the emotional journey of how ganesha transformed from being an ostracized child to ""prathamesh"" amongst gods, a more endearing and realistic experience. motion capture technology and animatronics which will be used for the first time on indian television, after being extensively used in hollywood. this technology will replace the age old depiction of lord ganesha with an inert mask and bring alive the detailed life-like movements and facial expressions to the fore giving the viewers a delightful visual treat. this magnum opus is supported by a stellar star-cast that includes uzair basar playing ganesha, akanksha puri as parvati, malkhan singh as shiv, basant bhatt as kartikeya and anand garodia as narada muni. drama mythology, devotional  "
17356,Life Partner,tv,"Jeevan Saathi - Humsafar Zindagi Ke is an Indian television series aired on Colors, based on the love story of Neil and Viraj. The series premiered on July 21, 2008, and is produced by Bollywood film comedy-actor Paresh Rawal.

Jeevan Saathi follows the story of Viraj Rathod's life and how she beats the obstacles thrown out by her father, the egoistic Vikramaditya Rathod.",Drama,,"Vaani Sharma, Gaurav Khanna, Nihar Thakkar, Sailesh Gulabani",,6.0,1,23.7019,hi,/c3WZasydGDF4QytYqAkm5CRewFZ.jpg,"jeevan saathi - humsafar zindagi ke is an indian television series aired on colors, based on the love story of neil and viraj. the series premiered on july 21, 2008, and is produced by bollywood film comedy-actor paresh rawal.

jeevan saathi follows the story of viraj rathod's life and how she beats the obstacles thrown out by her father, the egoistic vikramaditya rathod. drama  vaani sharma, gaurav khanna, nihar thakkar, sailesh gulabani "
94537,MTV Hustle,tv,"MTV Hustle is India's first rap reality show. Judged by Raftaar, Nucleya and Raja Kumari, it premiered on 9 August 2019. Hosted by Gaelyn Mendonca, it airs on MTV India.",Reality,hip-hop,,,8.5,2,13.4228,hi,/fhh09HqAYPyK2GZJyhlLpJBK9XJ.jpg,"mtv hustle is india's first rap reality show. judged by raftaar, nucleya and raja kumari, it premiered on 9 august 2019. hosted by gaelyn mendonca, it airs on mtv india. reality hip-hop  "
277728,Uma,tv,"Uma, a young girl from the interiors of West Bengal, buries her dream of becoming a cricketer to support her family. But, her passion for the game keeps her focussed on her goal.",Drama,sport,"Shinjini Chakraborty, Neel Bhattacharya, Bhaskar Banerjee, Soma Banerjee, Juiee Sarkar",,0.0,0,19.9037,bn,/b0RjhtTDZ6hQr6LChsBiY1SGDFs.jpg,"uma, a young girl from the interiors of west bengal, buries her dream of becoming a cricketer to support her family. but, her passion for the game keeps her focussed on her goal. drama sport shinjini chakraborty, neel bhattacharya, bhaskar banerjee, soma banerjee, juiee sarkar "
283260,Ram Bhavan,tv,"Isha, a strong-willed woman, enters the Jai Ram Bhavan after a traumatic heartbreak and must navigate the manipulative influence of Gayatri, who holds significant power within the family.",Drama,"romance, thriller","Khushbu Rajendra, Mishkat Varma, Samiksha Jaiswal, Vijay Kashyap, Hitanshu Jinsi",Rahul Kumar Tewary,0.0,0,21.1735,hi,/5RF9HzJ2dU3KpnrQYhp7ua1iJCJ.jpg,"isha, a strong-willed woman, enters the jai ram bhavan after a traumatic heartbreak and must navigate the manipulative influence of gayatri, who holds significant power within the family. drama romance, thriller khushbu rajendra, mishkat varma, samiksha jaiswal, vijay kashyap, hitanshu jinsi rahul kumar tewary"
219035,Charmsukh - Jane Anjane Mein,tv,"Chandni's mundane and routine married life spices up, when her older brother in law arrives at their place to stay. Chandni's loins start firing up, and thus starts a tug of war between her integral family values and her personal lustful adventure.",Drama,"sex, nudity","Dev Dehman, Anmol Jain, Gaurav Rajput, Jinnie Jaaz",SSK,0.0,0,20.8789,hi,/7pSvxVmXvNWMEe0wTmHLRQMk0HQ.jpg,"chandni's mundane and routine married life spices up, when her older brother in law arrives at their place to stay. chandni's loins start firing up, and thus starts a tug of war between her integral family values and her personal lustful adventure. drama sex, nudity dev dehman, anmol jain, gaurav rajput, jinnie jaaz ssk"
13949,Karam Apnaa Apnaa,tv,Karam Apnaa Apnaa is an Indian soap opera that aired on Star Plus and was produced by Ekta Kapoor of Balaji Telefilms.,Drama,,"Pallavi Subhash, Salil Ankola, Hiten Tejwani, Roopa Ganguly, Shakti Singh",,0.0,0,20.6236,hi,,"karam apnaa apnaa is an indian soap opera that aired on star plus and was produced by ekta kapoor of balaji telefilms. drama  pallavi subhash, salil ankola, hiten tejwani, roopa ganguly, shakti singh "
247769,The Great Indian Kapil Show,tv,"Comedian Kapil Sharma hosts this laugh-out-loud variety talk show with celebrity guests, hilarious antics and his signature supporting cast.","Talk, Comedy",,"Kapil Sharma, Sunil Grover, Krishna Abhishek, Kiku Sharda, Archana Puran Singh",Kapil Sharma,7.1,17,20.4567,hi,/3KMCmGDlYLlJ8zGOhCs6f3FZcnj.jpg,"comedian kapil sharma hosts this laugh-out-loud variety talk show with celebrity guests, hilarious antics and his signature supporting cast. talk, comedy  kapil sharma, sunil grover, krishna abhishek, kiku sharda, archana puran singh kapil sharma"
46935,Qubool Hai,tv,"Zoya Farooqui, a modern NRI who travels to Bhopal searching for her father, where she falls for the traditional, stern businessman Asad Ahmed Khan.","Drama, Family",,"Namik Paul, Karan Singh Grover, Surbhi Jyoti, Shalini Kapoor, Rishabh Sinha",Gul Khan,6.4,6,20.3477,hi,/zXau9c6BJHkzyjDxiovG9cJnI6V.jpg,"zoya farooqui, a modern nri who travels to bhopal searching for her father, where she falls for the traditional, stern businessman asad ahmed khan. drama, family  namik paul, karan singh grover, surbhi jyoti, shalini kapoor, rishabh sinha gul khan"
235330,Pallakilo Pellikuturu,tv,"A modern and independent Sasirekha meets Abhiram, a man of traditions. Forced into marriage, can they find their happily ever after?",Drama,romance,"Sravan Raghavendra, Aditi Tripathi, Pradeep Kondiparthi, Tirupati Prakash",,0.0,0,20.3391,te,/xJ7ozpO0XgBNFQZW1lDylBGUEFZ.jpg,"a modern and independent sasirekha meets abhiram, a man of traditions. forced into marriage, can they find their happily ever after? drama romance sravan raghavendra, aditi tripathi, pradeep kondiparthi, tirupati prakash "
37679,Rakt Sambandh,tv,"Rakt Sambandh is a multi-star cast thriller show. Rakt Sambandh aired on Monday 19 July 2010 on NDTV Imagine. A visually impaired young woman with the help of four supportive elder sisters and a loving father has overcome her difficulties to lead a normal life. But life takes a different turn, when she finds her father dead under mysterious circumstances on her wedding day. With the affection showered by her husband Yuvraj and his family, Sandhya begins to smile again… but not for too long. Unknown to her, Sandhya’s new family have a deep, dark secret… How will she react when she discovers the truth about her husband?",Drama,"romance, thriller","Sriti Jha, Naman Shaw, Dhruv Bhandari, Sonali Nikam",,0.0,0,20.1934,hi,/olSAxoGzkjPwfsVU5N4Wqchtq5u.jpg,"rakt sambandh is a multi-star cast thriller show. rakt sambandh aired on monday 19 july 2010 on ndtv imagine. a visually impaired young woman with the help of four supportive elder sisters and a loving father has overcome her difficulties to lead a normal life. but life takes a different turn, when she finds her father dead under mysterious circumstances on her wedding day. with the affection showered by her husband yuvraj and his family, sandhya begins to smile again… but not for too long. unknown to her, sandhya’s new family have a deep, dark secret… how will she react when she discovers the truth about her husband? drama romance, thriller sriti jha, naman shaw, dhruv bhandari, sonali nikam "
85015,Tujhse Hai Raabta,tv,Tale of a bittersweet relationship between stepmother and daughter.,"Drama, Soap, Family",,"Reem Shaikh, Purva Gokhale, Shagun Pandey, Savita Prabhune",Sonali Jaffer,5.0,2,20.1791,hi,/4yGeXbQXVJvJEwzQxKFvQYbrpVE.jpg,"tale of a bittersweet relationship between stepmother and daughter. drama, soap, family  reem shaikh, purva gokhale, shagun pandey, savita prabhune sonali jaffer"
211088,Sherdil Shergill,tv,"Raj is a privileged man who believes that everything in life should be simple, while Manmeet holds an opposing perspective. What will happen when they meet?",Comedy,,"Dheeraj Dhoopar, Surbhi Chandna, Ayesha Kapoor",Saurabh Tewari,0.0,0,20.1744,hi,/kmlzoUI8Jj0UuVeAP1Hb8cYtx6G.jpg,"raj is a privileged man who believes that everything in life should be simple, while manmeet holds an opposing perspective. what will happen when they meet? comedy  dheeraj dhoopar, surbhi chandna, ayesha kapoor saurabh tewari"
86634,Manmohini,tv,"The life of Ram and Siya, a newly married couple, takes a horrifying twist when they encounter Manmohini, a witch waiting for over 500 years to reunite with her lover.",Drama,"supernatural, romance, horror","Reyhna Malhotra, Giaa Manek, Ankit Siwach, Garima Singh Rathore",Prateek Sharma,2.0,1,19.6035,hi,/hEsvlpa91dZGFGZ1QcEXxlAxcLD.jpg,"the life of ram and siya, a newly married couple, takes a horrifying twist when they encounter manmohini, a witch waiting for over 500 years to reunite with her lover. drama supernatural, romance, horror reyhna malhotra, giaa manek, ankit siwach, garima singh rathore prateek sharma"
75257,Tenali Rama,tv,"Court poet Tenali Rama serves at the court of Emperor Krishnadevaraya of the Vijayanagara empire, and uses his sharp wit and wisdom to solve complicated matters quickly.","Family, Drama, Comedy",,"Krishna Bharadwaj, Pankaj Berry, Nimisha Vakharia, Soniya Sharma, Jiten Mukhi",Abhimanyu Raj Singh,8.0,1,19.2679,hi,/v8rTT50TyaEIqGY2bsRwzoi0bS6.jpg,"court poet tenali rama serves at the court of emperor krishnadevaraya of the vijayanagara empire, and uses his sharp wit and wisdom to solve complicated matters quickly. family, drama, comedy  krishna bharadwaj, pankaj berry, nimisha vakharia, soniya sharma, jiten mukhi abhimanyu raj singh"
8015,Kaahin Kissii Roz,tv,Kaahin Kissii Roz was an Indian thriller drama television series that broadcast on STAR Plus from April 2001 until September 2004. The series was one of the top rated shows of its time.,Drama,thriller,"Yash Tonk, Sudha Chandran, Mouli Ganguly, Poonam Narula",Ekta Kapoor,5.0,7,18.8783,hi,/wnh9nTy5V3VNZhXAq0bZEwnt7Zb.jpg,"kaahin kissii roz was an indian thriller drama television series that broadcast on star plus from april 2001 until september 2004. the series was one of the top rated shows of its time. drama thriller yash tonk, sudha chandran, mouli ganguly, poonam narula ekta kapoor"
235133,Tomader Rani,tv,"Eager to take on the world, 18-year-old Rani aspires to be a doctor. But an early marriage and duties of motherhood threaten to overshadow her dreams.",Drama,romance,"Abhika Malakar, Arkaprovo Roy, Madhupriya Chowdhury, Sandip Chakraborty, Somashri Bhattacharyya",,0.0,0,18.3629,bn,/2rCnVLCaaBt5kVgplqdNBXojxBD.jpg,"eager to take on the world, 18-year-old rani aspires to be a doctor. but an early marriage and duties of motherhood threaten to overshadow her dreams. drama romance abhika malakar, arkaprovo roy, madhupriya chowdhury, sandip chakraborty, somashri bhattacharyya "
911,Kaun Banega Crorepati,tv,"Hosted by India's biggest superstar, Amitabh Bachchan, one of the biggest shows is here to entertain millions, change lives and make dreams come true.",Reality,game show,Amitabh Bachchan,Arun Sheshkumar,6.6,33,18.2406,hi,/iWxg7BV5YQHf5g5mkluiAJSyzTP.jpg,"hosted by india's biggest superstar, amitabh bachchan, one of the biggest shows is here to entertain millions, change lives and make dreams come true. reality game show amitabh bachchan arun sheshkumar"
114574,Cooku with Comali,tv,"Cooku with Comali, also known by the acronym CWC, is an Indian Tamil-language comedy-based cooking competition show aired on Star Vijay and streams on Disney+ Hotstar where the contestants are paired each week with comedians (comalis) who are amateur cooks. The first season premiered on 16 November 2019 and ended on 23 February 2020. The second season was premiered on 14 November 2020 and ended on 14 April 2021. The third season was premiered on 22 January 2022 and ended on 24 July 2022. The contestants along with their comalis are challenged every week and judged by Chef Damu and Chef Venkatesh Bhat.","Reality, Comedy","comali, vijaytv, kpy","Chef Damodharan, Madhampatty Rangaraj, Koushik S, Roja Selvamani, Ma Ka Pa Anand",Parthiv Mani,8.4,7,17.8163,ta,/iuPhRaSQNj1K6fo1g1dVEQx1Q5d.jpg,"cooku with comali, also known by the acronym cwc, is an indian tamil-language comedy-based cooking competition show aired on star vijay and streams on disney+ hotstar where the contestants are paired each week with comedians (comalis) who are amateur cooks. the first season premiered on 16 november 2019 and ended on 23 february 2020. the second season was premiered on 14 november 2020 and ended on 14 april 2021. the third season was premiered on 22 january 2022 and ended on 24 july 2022. the contestants along with their comalis are challenged every week and judged by chef damu and chef venkatesh bhat. reality, comedy comali, vijaytv, kpy chef damodharan, madhampatty rangaraj, koushik s, roja selvamani, ma ka pa anand parthiv mani"
99840,Sankat Mochan Mahabali Hanuman,tv,"The Show focuses on different and unknown stories of Lord Hanuman, apart from his well-known history as a Ram Bhakt. The show also covers stories about the role of Hanuman in the Mahabharatha.",Drama,hindu mythological,"Nirbhay Wadhwa, Priyanya Singh Shekhawat, Prithvi Singh",,6.0,2,17.4672,hi,/askmYrUhTqFnYF56t7Z2rTEs92B.jpg,"the show focuses on different and unknown stories of lord hanuman, apart from his well-known history as a ram bhakt. the show also covers stories about the role of hanuman in the mahabharatha. drama hindu mythological nirbhay wadhwa, priyanya singh shekhawat, prithvi singh "
335332,Waiting Hai,tv,"Sugam joins the RPF and investigates a Tatkal scam. Hamza and Mama turn booking software into a business, facing rivalry and betrayal. Sugam arrests the agents and tracks Hamza, ending the scam before his escape to Dubai.","Comedy, Drama, Crime",,"Divyendu Sharma, Bhuvan Arora, Kumud Mishra, Vijay Maurya, Harshita Gaur",Sameer Vidwans,0.0,0,17.5244,hi,/6jBdFWwgKgkcrAGaDfTC9bpudaN.jpg,"sugam joins the rpf and investigates a tatkal scam. hamza and mama turn booking software into a business, facing rivalry and betrayal. sugam arrests the agents and tracks hamza, ending the scam before his escape to dubai. comedy, drama, crime  divyendu sharma, bhuvan arora, kumud mishra, vijay maurya, harshita gaur sameer vidwans"
85278,Super Dancer,tv,"A group of children, aged between four and 13, compete to find out who is the future of dance. They are tested on their desire to dance, their determination and their discipline.",Reality,"dance, steps","Shilpa Shetty Kundra, Geeta Kapur, Marzi Pestonji, Paritosh Tripathi",,4.8,5,17.6332,hi,/y6NHZ3TxXpqShmtCUu30AcMlfzE.jpg,"a group of children, aged between four and 13, compete to find out who is the future of dance. they are tested on their desire to dance, their determination and their discipline. reality dance, steps shilpa shetty kundra, geeta kapur, marzi pestonji, paritosh tripathi "
60334,Baalveer,tv,"Darkness is on the horizon as Baalveer faces his toughest enemies yet - one who has ended Baalveers across all the universes, and one within himself. Can he overcome the threat and save himself?","Kids, Comedy, Sci-Fi & Fantasy",,"Anushka Sen, Rudra Soni, Dev Joshi, Prithvi Singh",Vipul D. Shah,5.9,6,17.4983,hi,/vL6GVWgG5VGc3xfW4l4eFLLbuA8.jpg,"darkness is on the horizon as baalveer faces his toughest enemies yet - one who has ended baalveers across all the universes, and one within himself. can he overcome the threat and save himself? kids, comedy, sci-fi & fantasy  anushka sen, rudra soni, dev joshi, prithvi singh vipul d. shah"
82416,Kuch Rang Pyaar Ke Aise Bhi,tv,"A mature love story of Devrath Dixit, a successful business tycoon and Dr. Sonakshi Bose, a nutritionist.","Drama, Soap, Family",,"Erica Fernandes, Shaheer Sheikh, Supriya Pilgaonkar, Jagat Bhushan Singh, Mushtaq Khan",,10.0,3,17.3496,hi,/38iQPks9U1rY0oE4uDogEsyMJlv.jpg,"a mature love story of devrath dixit, a successful business tycoon and dr. sonakshi bose, a nutritionist. drama, soap, family  erica fernandes, shaheer sheikh, supriya pilgaonkar, jagat bhushan singh, mushtaq khan "
242722,Shrimad Ramayan,tv,"'Shrimad Ramayan' brings to life the timeless Hindu epic, the Ramayana, with a deep commitment to authenticity, cultural reverence and contemporary sensibility. The epic narrative of the Ramayana is rooted in the two words, 'Ram' and 'Ayana.' 'Ram' represents the human incarnation of Lord Vishnu, while 'Ayana' signifies a journey. Thus, the Ramayana unfolds through the voyage of Ram, a mortal who ascended to become Purushottam, the paragon among men, transcending his own inherent limitations.","Drama, Family","ramayana, ramayan, shrimad ramayana","Sujay Reu, Prachi Bansal, Nikitin Dheer, Basant Bhatt, Nirbhay Wadhwa",Siddharth Kumar Tewary,6.9,9,17.4802,hi,/m07WTClRMy05nW76KE07rcPcVYJ.jpg,"'shrimad ramayan' brings to life the timeless hindu epic, the ramayana, with a deep commitment to authenticity, cultural reverence and contemporary sensibility. the epic narrative of the ramayana is rooted in the two words, 'ram' and 'ayana.' 'ram' represents the human incarnation of lord vishnu, while 'ayana' signifies a journey. thus, the ramayana unfolds through the voyage of ram, a mortal who ascended to become purushottam, the paragon among men, transcending his own inherent limitations. drama, family ramayana, ramayan, shrimad ramayana sujay reu, prachi bansal, nikitin dheer, basant bhatt, nirbhay wadhwa siddharth kumar tewary"
60550,Mahabharat,tv,"Mahabharat is a 2013 drama TV series on Star Plus based on Indian legendary epic of the same name. It has been produced by Swastik Pictures and features actors such as Saurabh Raj Jain as Lord Krishna, Shaheer Sheikh as Arjuna, Pooja Sharma as Draupadi, Aham Sharma as Karna and Arav Chowdhary as Bhishma Pitamah. The producers had creative associations with writer Salim Khan, author Devdutt Pattanaik, designer Bhanu Athaiya, music directors Ajay-Atul and Ismail Darbar, action director Ram Shetty and set designer Omang Kumar. The casting of the show is done by Sahil Ansari, Mahesh Chandra Bhatt, Arun Mitra. It started broadcasting on 16 September 2013.","Drama, Family",indian mythology,"Saurabh Raj Jain, Shaheer Sheikh, Rohit Bharadwaj, Pooja Sharma, Saurav Gurjar",Siddharth Kumar Tewary,8.7,31,17.3213,hi,/l4Kwq6rcXejuCglNCm8LoMzpK85.jpg,"mahabharat is a 2013 drama tv series on star plus based on indian legendary epic of the same name. it has been produced by swastik pictures and features actors such as saurabh raj jain as lord krishna, shaheer sheikh as arjuna, pooja sharma as draupadi, aham sharma as karna and arav chowdhary as bhishma pitamah. the producers had creative associations with writer salim khan, author devdutt pattanaik, designer bhanu athaiya, music directors ajay-atul and ismail darbar, action director ram shetty and set designer omang kumar. the casting of the show is done by sahil ansari, mahesh chandra bhatt, arun mitra. it started broadcasting on 16 september 2013. drama, family indian mythology saurabh raj jain, shaheer sheikh, rohit bharadwaj, pooja sharma, saurav gurjar siddharth kumar tewary"
5979,Jeena Isi Ka Naam Hai,tv,Host Farooq Shaikh interviews many well-known Bollywood faces as well as television celebrities and gives a peek into their private and professional lives.,Talk,celebrity interview,Roshan Abbas,Sucharita Ghosh Stephenson,0.0,0,17.4226,hi,,host farooq shaikh interviews many well-known bollywood faces as well as television celebrities and gives a peek into their private and professional lives. talk celebrity interview roshan abbas sucharita ghosh stephenson
120224,Neeya Naana,tv,A talk show where two polarised groups of society are given the platform to share their views and see a different perspective on socially-relevant topics.,"Family, Talk",,Gobinath Chandran,,8.7,3,16.3284,ta,/pJswvJkie98HCbZuxbO3nM96tOG.jpg,"a talk show where two polarised groups of society are given the platform to share their views and see a different perspective on socially-relevant topics. family, talk  gobinath chandran "
99839,Siya Ke Ram,tv,"Traces the epic of Ramayan  which chronicles the journey of  Ram and Sita. Contrary to popular depictions of the Ramayana from Rama's perspective, this show will highlight Ramayan through Sita's eyes.","Drama, Family, Soap","sacrifice, devotion, spiritual, good versus evil, indian culture, quotes, woman’s perspective, classic romance, based on manuscript, sibling bond","Madirakshi Mundle, Ashish Sharma, Vedant Sawant, Karan Suchak, J. Karthik",Nikhil Sinha,8.3,3,17.9735,hi,/7NKltHDTtcnyBwscuGf5ZM0qaUw.jpg,"traces the epic of ramayan  which chronicles the journey of  ram and sita. contrary to popular depictions of the ramayana from rama's perspective, this show will highlight ramayan through sita's eyes. drama, family, soap sacrifice, devotion, spiritual, good versus evil, indian culture, quotes, woman’s perspective, classic romance, based on manuscript, sibling bond madirakshi mundle, ashish sharma, vedant sawant, karan suchak, j. karthik nikhil sinha"
15246,Jassi Jaissi Koi Nahin,tv,"Jassi Jaisi Koi Nahin is a story of the lovable ugly duckling Jassi's journey to becoming a beautiful swan and finding her prince charming. It is the story of Jasmeet Walia - Jassi - who is an unattractive, bespectacled girl with braces and an odd style of dressing. She is naive but intelligent. Jassi faces a lot of criticism from prettier colleagues - both men and women. The show chronicles her at her workplace where she wins the hearts of her colleagues and her boss due to her warm nature. Over time she falls in love with her boss, Armaan Suri. It is the story of Jassi whose life unfolds as she struggles to make a place for herself in the vain world and unite with the man she loves.",Drama,,"Mona Singh, Samir Soni, Apurva Agnihotri, Neena Gupta, Rajesh Khera",DJ's Creative Unit,3.7,3,16.5674,hi,/59tC9uxuthrLOsQDJILU1pjkxFf.jpg,"jassi jaisi koi nahin is a story of the lovable ugly duckling jassi's journey to becoming a beautiful swan and finding her prince charming. it is the story of jasmeet walia - jassi - who is an unattractive, bespectacled girl with braces and an odd style of dressing. she is naive but intelligent. jassi faces a lot of criticism from prettier colleagues - both men and women. the show chronicles her at her workplace where she wins the hearts of her colleagues and her boss due to her warm nature. over time she falls in love with her boss, armaan suri. it is the story of jassi whose life unfolds as she struggles to make a place for herself in the vain world and unite with the man she loves. drama  mona singh, samir soni, apurva agnihotri, neena gupta, rajesh khera dj's creative unit"
316472,Nojor,tv,,Sci-Fi & Fantasy,"supernatural, thriller","Diya Mukherjee, John Bhattacharya, Sampurna Lahiri, Antara Nandy, Debdut Ghosh",,0.0,0,16.0766,bn,/cGHFAgbCtsBxhb1p1qwmBr2qXxo.jpg," sci-fi & fantasy supernatural, thriller diya mukherjee, john bhattacharya, sampurna lahiri, antara nandy, debdut ghosh "
273610,Phulki,tv,"Phulki, a small-town girl, aims to break stereotypes by pursuing boxing professionally, a passion inherited from her father, to overcome life's obstacles.",Drama,"sports, romance","Divyani Mondal, Abhishek Bose, Ankita Majhi, Sohan Bandyopadhyay, Mishka Halim",Samrat Ghosh,0.0,0,17.4897,bn,/p41KMfxw7cYHjisA8d28xIWzNLu.jpg,"phulki, a small-town girl, aims to break stereotypes by pursuing boxing professionally, a passion inherited from her father, to overcome life's obstacles. drama sports, romance divyani mondal, abhishek bose, ankita majhi, sohan bandyopadhyay, mishka halim samrat ghosh"
75235,Yeh Un Dinon Ki Baat Hai,tv,"The story chronicles the adolescent romance between Naina and Sameer. The show explores the magic of first love. Naina a quintessential good girl meets flamboyant Sameer in her school in Ahmedabad. She starts liking him the moment she meets him. But when she watches Sameer hit another boy, she has to tell the truth to the principal of the school. This results in Sameers suspension and his dislike towards Naina. The same is followed by a series of misunderstanding between Sameer and Naina. In order to avenge his insults Sameer takes a bet with his friends that he will make Naina fall in love with him. What starts as a bet ends up in true love for Sameer as Naina cares for him like no one has ever done. When Naina gets to know about the bet, she is heartbroken. Thus, begins Sameers journey of transformation and penance. This show will be a closer exploration of everyday moments that these two shares.",Drama,"coming of age, period drama, teenage romance","Ashi Singh, Randeep Rai, Ayesha Kaduskar, Sadiya Siddiqui",Shashi Mittal,10.0,1,16.2598,hi,/dm2VHQl2cQnnMbQ6lFwKoHSC2Km.jpg,"the story chronicles the adolescent romance between naina and sameer. the show explores the magic of first love. naina a quintessential good girl meets flamboyant sameer in her school in ahmedabad. she starts liking him the moment she meets him. but when she watches sameer hit another boy, she has to tell the truth to the principal of the school. this results in sameers suspension and his dislike towards naina. the same is followed by a series of misunderstanding between sameer and naina. in order to avenge his insults sameer takes a bet with his friends that he will make naina fall in love with him. what starts as a bet ends up in true love for sameer as naina cares for him like no one has ever done. when naina gets to know about the bet, she is heartbroken. thus, begins sameers journey of transformation and penance. this show will be a closer exploration of everyday moments that these two shares. drama coming of age, period drama, teenage romance ashi singh, randeep rai, ayesha kaduskar, sadiya siddiqui shashi mittal"
81615,Savdhaan India,tv,"From a dangerous murder plot to a planned robbery, unmask the gory face of terror through a dramatised version of the crimes happening around you!",Crime,,,,9.0,1,16.2546,hi,/epdc0Aw8wTRB3xqJSEdF6vQkYWj.jpg,"from a dangerous murder plot to a planned robbery, unmask the gory face of terror through a dramatised version of the crimes happening around you! crime   "
8561,Dill Mill Gayye,tv,"Dill Mill Gayye is an Indian soap medical drama TV series that aired on STAR One. It was the sequel of the television series Sanjivani, which aired on STAR Plus channel. The show ended in October 2010 after running for 3 years. The show was successful amongst the youth of the country that even after so years following its conclusion, the actors of the show like Karan Singh Grover, Shilpa Anand, Jennifer Winget, Sukirti Kandpal, Drashti Dhami, Shweta Gulati and Karan Wahi are still fondly remembered by the people.",Drama,,"Neha Jhulka, Karan Singh Grover, Shilpa Anand, Sukirti Kandpal, Jennifer Winget",Palki Malhotra,0.0,0,15.93,hi,/agcqnJiJ40TDwz9STNuihjq5ZtY.jpg,"dill mill gayye is an indian soap medical drama tv series that aired on star one. it was the sequel of the television series sanjivani, which aired on star plus channel. the show ended in october 2010 after running for 3 years. the show was successful amongst the youth of the country that even after so years following its conclusion, the actors of the show like karan singh grover, shilpa anand, jennifer winget, sukirti kandpal, drashti dhami, shweta gulati and karan wahi are still fondly remembered by the people. drama  neha jhulka, karan singh grover, shilpa anand, sukirti kandpal, jennifer winget palki malhotra"
275193,Mithijhora,tv,"An unfortunate turn of events forces Raipurna to sacrifice her love and happiness to give her sisters, Neelanjana and Tilottama, a secure future.",Drama,romance,"Aratrika Maity, Suman Dey, Debadrita Basu, Mainak Banerjee",,0.0,0,15.8798,bn,/fzMPi2MY4Ni5WoL7dECtNf9M6Ve.jpg,"an unfortunate turn of events forces raipurna to sacrifice her love and happiness to give her sisters, neelanjana and tilottama, a secure future. drama romance aratrika maity, suman dey, debadrita basu, mainak banerjee "
44839,Shubh Vivah,tv,Shubh Vivah is an Indian television drama series telecast on Sony Entertainment Television India and Sony Entertainment Television Asia. It premiered on 27 February 2012 at 7:30 pm and went off-air on 29 June 2012.,Drama,,"Rakesh Bedi, Shafaq Naaz, Krutika Gaikwad, Neha Narang, Neha Janpandit",,0.0,0,15.8279,hi,/3yAuphDWbof3S0XCTcGxdhYaGKU.jpg,"shubh vivah is an indian television drama series telecast on sony entertainment television india and sony entertainment television asia. it premiered on 27 february 2012 at 7:30 pm and went off-air on 29 june 2012. drama  rakesh bedi, shafaq naaz, krutika gaikwad, neha narang, neha janpandit "
72412,Chandra Nandni,tv,"A historical drama based on the love story between King Chandragupta Maurya and his wife, Nandni. King Suryagupta Maurya and his queen, Moora, are expecting a baby and visit the kingdom of Magadh for the Vasant Utsav. Later, Suryagupta finds out a shocking truth about Queen Avantika of Magadh.",Action & Adventure,,"Shweta Basu Prasad, Rajat Tokas, Tanu Khan, Saanvi Talwar, Uorfi Javed",Ekta Kapoor,5.7,3,15.7003,hi,/AuTIcvR3FrKpGaGU6QwlxSzVOQq.jpg,"a historical drama based on the love story between king chandragupta maurya and his wife, nandni. king suryagupta maurya and his queen, moora, are expecting a baby and visit the kingdom of magadh for the vasant utsav. later, suryagupta finds out a shocking truth about queen avantika of magadh. action & adventure  shweta basu prasad, rajat tokas, tanu khan, saanvi talwar, uorfi javed ekta kapoor"
116482,Sreemoyee,tv,"On realising that her family takes her for granted, Sreemoyee, a housewife, sets out to create a new identity for herself. A heartwarming second chance at life.","Drama, Soap",romance,"Indrani Haldar, Tota Roy Chowdhury, Sudip Mukherjee, Ushasie Chakraborty, Saptarshi Maulik",Leena Gangopadhyay,0.0,0,15.6579,bn,/ef83aLjk4DLjmZ1WSzg94PA88Mp.jpg,"on realising that her family takes her for granted, sreemoyee, a housewife, sets out to create a new identity for herself. a heartwarming second chance at life. drama, soap romance indrani haldar, tota roy chowdhury, sudip mukherjee, ushasie chakraborty, saptarshi maulik leena gangopadhyay"
103553,Yeh Hai Chahatein,tv,"A passionate love story between a famous rockstar, Rudraksh Khurana, and a gynaecologist, Dr Preesha Srinivasan, who fall in love after raising their respective siblings' son together.",Drama,"romance, thriller",,Ekta Kapoor,4.0,3,15.5441,hi,/a8WltYz6bo4BXukVvOZQjdGEhob.jpg,"a passionate love story between a famous rockstar, rudraksh khurana, and a gynaecologist, dr preesha srinivasan, who fall in love after raising their respective siblings' son together. drama romance, thriller  ekta kapoor"
250767,Bojhena Se Bojhena,tv,A lively and free-spirited Pakhi and an arrogant Aranya are drawn towards each other! What follows is an intense love-hate relationship.,Family,,"Tania Kar, Yash Daasguptaa, Madhumita Sarkar, Koushik Roy, Dolon Roy",,0.0,0,15.4444,bn,/aRa7vtDFeoTlvbb8wZEIvIo9BLm.jpg,"a lively and free-spirited pakhi and an arrogant aranya are drawn towards each other! what follows is an intense love-hate relationship. family  tania kar, yash daasguptaa, madhumita sarkar, koushik roy, dolon roy "
3901,Baa Bahoo Aur Baby,tv,"Baa Bahoo Aur Baby was as a popular comedy drama, broadcast on India's Star Plus channel between 2005 and 2010. The series revolved around the fictitious Thakkar family, living in a large house in Parla East, Mumbai.","Drama, Comedy, Family",,"Sarita Joshi, Arvind Vaidya, Benaf Dadachandji, Deven Bhojani",Aatish Kapadia,4.5,2,15.2898,hi,/4GWCTjkXMdFF4cOVYKKQ4irz47u.jpg,"baa bahoo aur baby was as a popular comedy drama, broadcast on india's star plus channel between 2005 and 2010. the series revolved around the fictitious thakkar family, living in a large house in parla east, mumbai. drama, comedy, family  sarita joshi, arvind vaidya, benaf dadachandji, deven bhojani aatish kapadia"
8456,Shaka Laka Boom Boom,tv,"Anything that is drawn using the magical pencil found by Sanju, a young boy, becomes a reality. Soon, Sanju finds himself battling many evil forces who wish to misuse the pencil.","Family, Kids","magic, school kids, magic pencil","Kinshuk Vaidya, Jennifer Winget, Sainee Raj, Hansika Motwani, Rahil Joshi",Vijay Krishna Acharya,6.7,18,15.1471,hi,/ygRHaev1WmyZxb8ruYtAmFsK163.jpg,"anything that is drawn using the magical pencil found by sanju, a young boy, becomes a reality. soon, sanju finds himself battling many evil forces who wish to misuse the pencil. family, kids magic, school kids, magic pencil kinshuk vaidya, jennifer winget, sainee raj, hansika motwani, rahil joshi vijay krishna acharya"
322623,Battleground,tv,"Battleground brings a unique concept on your screens in the form of fitness reality show. We bring together the nation's most dedicated fitness enthusiasts for the fitness battle. This show blends action, fitness, determination and drama. Get ready to watch the contestants push themselves to their physical and mental limits as they battle it out in the show. The contestants fight to become India's next Fitness & Action Star,

16 contestants compete for India's fitness superstar title in a 28-day challenge. Teams face physical trials and get mentorship from fitness icons. One male and female winner emerge through tests of strength and endurance.",Reality,"competition, fitness, unscripted","Shikhar Dhawan, Abhishek Malhan, Asim Riaz, Rajat Dalal, Rubina Dilaik",Mayank Yadav,0.0,0,15.1448,hi,/h4w6yggxyL3dB1rYaLjd1oAAkLJ.jpg,"battleground brings a unique concept on your screens in the form of fitness reality show. we bring together the nation's most dedicated fitness enthusiasts for the fitness battle. this show blends action, fitness, determination and drama. get ready to watch the contestants push themselves to their physical and mental limits as they battle it out in the show. the contestants fight to become india's next fitness & action star,

16 contestants compete for india's fitness superstar title in a 28-day challenge. teams face physical trials and get mentorship from fitness icons. one male and female winner emerge through tests of strength and endurance. reality competition, fitness, unscripted shikhar dhawan, abhishek malhan, asim riaz, rajat dalal, rubina dilaik mayank yadav"
75265,"Kya Haal, Mr. Paanchal?",tv,"Kunti is obsessed with finding the perfect bride for her son. God grants her the wish but gives her five daughters-in-law, each possessing a unique quality.","Comedy, Drama, Family",,"Maninder Singh, Kanchan Gupta, Dharti Bhatt, Ojaswi Oberoi, Astha Agarwal",Vipul D. Shah,6.0,1,15.0173,hi,/bM7iq2wMhebZ0Py2OJy9We9vBqY.jpg,"kunti is obsessed with finding the perfect bride for her son. god grants her the wish but gives her five daughters-in-law, each possessing a unique quality. comedy, drama, family  maninder singh, kanchan gupta, dharti bhatt, ojaswi oberoi, astha agarwal vipul d. shah"
285147,Shaque: Trust No One,tv,"A mother receives yearly photos of her missing child. After nine years of searching, she discovers the truth about the abduction lies not far away, but hidden among her closest circle.","Crime, Mystery, Drama",,"Parineeti Chopra, Jennifer Winget, Tahir Raj Bhasin, Anup Soni, Sumeet Vyas",Renzil D'Silva,6.7,3,14.8015,hi,/xddc9KBcqffXjLEYLX8cZzRwYkS.jpg,"a mother receives yearly photos of her missing child. after nine years of searching, she discovers the truth about the abduction lies not far away, but hidden among her closest circle. crime, mystery, drama  parineeti chopra, jennifer winget, tahir raj bhasin, anup soni, sumeet vyas renzil d'silva"
70058,Motu Patlu,tv,"Inspired by the characters of Lot Pot Comics, Motu Patlu is a lively comic caper for the kids as well as the entire family. Set in the beautiful city of Furfuri Nagariya, the story is about Motu and Patlu, who are as similar as chalk and cheese. The Awesome Twosome are always on an adventurous expedition and have an uncanny ability to get into tricky situations every single day! It was premiered on 16 October 2012, beginning with the episode ""John Banega Don"". It focuses on two friends, Motu and Patlu, living in the fictional city Furfuri Nagar.","Animation, Comedy, Kids, Action & Adventure","bravery, inspector, friendship, friends, doctor, buddy comedy, 3d animation","Saurav Chakraborty, Aanchal Trivedi, Renu Sharda, Omi Sharma",Ronojoy Chakraborty,7.0,15,14.7912,hi,/nXKXaGE0SkjvhnbFKc0dUWh1uwo.jpg,"inspired by the characters of lot pot comics, motu patlu is a lively comic caper for the kids as well as the entire family. set in the beautiful city of furfuri nagariya, the story is about motu and patlu, who are as similar as chalk and cheese. the awesome twosome are always on an adventurous expedition and have an uncanny ability to get into tricky situations every single day! it was premiered on 16 october 2012, beginning with the episode ""john banega don"". it focuses on two friends, motu and patlu, living in the fictional city furfuri nagar. animation, comedy, kids, action & adventure bravery, inspector, friendship, friends, doctor, buddy comedy, 3d animation saurav chakraborty, aanchal trivedi, renu sharda, omi sharma ronojoy chakraborty"
319058,Roopmati,tv,"Roopnagar's princess Roopmati is the jewel of her people. Cast into exile, she finds herself guided by unseen powers & bound to a destiny greater than the crown she lost. Watch her rise to protect her kingdom from the dark forces of evil",Sci-Fi & Fantasy,romance,"Joyeeta Sanyal, Ayaan Ghosh, Jammy Banerjee, Prajna Dutta",,0.0,0,14.7607,hi,/jRIW5Ua0qkX0NQKI3fmx6PoIyRj.jpg,"roopnagar's princess roopmati is the jewel of her people. cast into exile, she finds herself guided by unseen powers & bound to a destiny greater than the crown she lost. watch her rise to protect her kingdom from the dark forces of evil sci-fi & fantasy romance joyeeta sanyal, ayaan ghosh, jammy banerjee, prajna dutta "
93352,The Family Man,tv,"The story of a middle-class man who works for a special cell of the National Investigation Agency. While he tries to protect the nation from terrorists, he also has to protect his family from the impact of his secretive, high-pressure, and low paying job.","Drama, Action & Adventure","terrorism, raw","Manoj Bajpayee, Priyamani, Sharib Hashmi, Vedant Sinha, Ashlesha Thakur",Raj Nidimoru,7.7,200,14.7289,hi,/tE1NUJqw9gV6AVjQ1GTK78LbWJ9.jpg,"the story of a middle-class man who works for a special cell of the national investigation agency. while he tries to protect the nation from terrorists, he also has to protect his family from the impact of his secretive, high-pressure, and low paying job. drama, action & adventure terrorism, raw manoj bajpayee, priyamani, sharib hashmi, vedant sinha, ashlesha thakur raj nidimoru"
312348,Dr. Aarambhi,tv,"Once an AIPMT topper, Aarambhi’s life is now weighed down by marital duties, but deep within her lies a long-lost dream. Will she get a second chance?",Drama,,"Aishwarya Khare, Aditya Redij, Anjum Fakih, Lubna Salim, Sumit Singh",Mukta Dhond,0.0,0,14.359,hi,/v9vWIUF4qrP127Runv2Yq9Akb6Y.jpg,"once an aipmt topper, aarambhi’s life is now weighed down by marital duties, but deep within her lies a long-lost dream. will she get a second chance? drama  aishwarya khare, aditya redij, anjum fakih, lubna salim, sumit singh mukta dhond"
232406,Tula Shikvin Changlach Dhada,tv,"Having contrasting mindsets, sparks fly when Akshara, a teacher who values education encounters Bhuvaneshwari, a rich woman for whom money means everything.",Drama,,"Shivani Rangole, Kavita Lad Medhekar, Hrishikesh Shelar, Ruta Kale, Dipti Sonawane",Tejas Desai,0.0,0,14.2702,mr,/qsEFqcojsE7IyAhkmdh8y43SYK8.jpg,"having contrasting mindsets, sparks fly when akshara, a teacher who values education encounters bhuvaneshwari, a rich woman for whom money means everything. drama  shivani rangole, kavita lad medhekar, hrishikesh shelar, ruta kale, dipti sonawane tejas desai"
300081,Rise and Fall,tv,"The story revolves around the host explaining the show where 4 celebrities, of which 2 in the penthouse, are trying to maintain their position as Rulers while 2 in the basement are fighting to Rise to the Penthouse to topple a Ruler.",Reality,,,,0.0,0,13.9719,hi,/nKBHSZpzeHIFZ6Qab6tA7oFT12J.jpg,"the story revolves around the host explaining the show where 4 celebrities, of which 2 in the penthouse, are trying to maintain their position as rulers while 2 in the basement are fighting to rise to the penthouse to topple a ruler. reality   "
35036,Mukti Bandhan,tv,"Mukti Bandhan is a television series from India, that has aired on Colors, based on the story of an ordinary man with an extraordinary sense for business. The story is an adaptation of Harikishan Mehta's popular novel Mukti Bandhan. The story was adapted by Vipul Mehta. Due to a high-class concept, this show could not get success with ratings, so it was shifted to 11 pm.

The show ended on 29 September 2011.",Drama,,"Shivkumar Subramaniam, Esha Kansara, Siddharth Arora, Surbhi Zaveri Vyas",,0.0,0,8.8218,hi,/mivtzAbn88CmW54QKPkoOSbpXQn.jpg,"mukti bandhan is a television series from india, that has aired on colors, based on the story of an ordinary man with an extraordinary sense for business. the story is an adaptation of harikishan mehta's popular novel mukti bandhan. the story was adapted by vipul mehta. due to a high-class concept, this show could not get success with ratings, so it was shifted to 11 pm.

the show ended on 29 september 2011. drama  shivkumar subramaniam, esha kansara, siddharth arora, surbhi zaveri vyas "
7420,MTV Splitsvilla,tv,"Ready to witness the ultimate fight between the rules of science and the laws of love? 10 boys, 10 girls and an Oracle who will decide whether or not a couple makes the perfect match! It's time to 'catch your match', Splitsvilla style!","Reality, Drama",,"Sunny Leone, Uorfi Javed, Karan Kundra, Nia Sharma, Himanshu Arora",,3.9,4,13.8839,hi,/hbdX2LLJhJemnf3HLodwhjwNaFx.jpg,"ready to witness the ultimate fight between the rules of science and the laws of love? 10 boys, 10 girls and an oracle who will decide whether or not a couple makes the perfect match! it's time to 'catch your match', splitsvilla style! reality, drama  sunny leone, uorfi javed, karan kundra, nia sharma, himanshu arora "
223731,Potol Kumar Gaanwala,tv,"Potol, a singing prodigy, lives in a village with her mother, uncle and aunt. However, after her mother's death, she sets out to search for her father, whose identity she does not know.","Drama, Family","naivety, musical, romance, cross dressing, evil stepmother, father daughter reunion, hidden identity, child protagonist, father daughter relationship, time skip, evil stepsister","Piya Debnath, Saheb Chatterjee, Shyamoupti Mudly, Manasi Sinha, Mimi Dutta",,10.0,2,13.8648,bn,/mjU2bDDZBgKRvpgZER2KkLb83sb.jpg,"potol, a singing prodigy, lives in a village with her mother, uncle and aunt. however, after her mother's death, she sets out to search for her father, whose identity she does not know. drama, family naivety, musical, romance, cross dressing, evil stepmother, father daughter reunion, hidden identity, child protagonist, father daughter relationship, time skip, evil stepsister piya debnath, saheb chatterjee, shyamoupti mudly, manasi sinha, mimi dutta "
74913,Crime Patrol Satark,tv,"Crime Patrol attempts to bring stories of crime happening all around the country. Crimes that tell us that we need to be careful, we need to be watchful. Crimes that tell us lives could have been saved. Every crime we hear of, either warns us to be careful or scares us, it could happen to us. Every crime ignites a feeling, It should not have happened. Would knowing the Why? behind a crime, help in stopping a crime from happening? I don't like the way he looks at me, I don't like the way he/she is behaving, I think he/she is out of his/her mind, I think he/she has gone crazy. That gaze, that quirky smile, that persistent stare which unnerves. It is difficult to understand the intentions but the hints are there. In a house a husband and wife argue, fight. A vessel comes flying, a glass breaks. Husband is angry and the wife is upset. That hatred, that ego. The distance that keeps growing. It is difficult to comprehend the damage, but the cracks are there. Feelings expressions.","Reality, Mystery, Drama",,"Anup Soni, Sanjeev Tyagi, Manish Raj Sharma, Nissar Khan, Sakshi Tanwar",Subramanian S. lyer,0.0,0,13.3577,hi,/fUMktOvnEmztMapAveGYwcOgSFJ.jpg,"crime patrol attempts to bring stories of crime happening all around the country. crimes that tell us that we need to be careful, we need to be watchful. crimes that tell us lives could have been saved. every crime we hear of, either warns us to be careful or scares us, it could happen to us. every crime ignites a feeling, it should not have happened. would knowing the why? behind a crime, help in stopping a crime from happening? i don't like the way he looks at me, i don't like the way he/she is behaving, i think he/she is out of his/her mind, i think he/she has gone crazy. that gaze, that quirky smile, that persistent stare which unnerves. it is difficult to understand the intentions but the hints are there. in a house a husband and wife argue, fight. a vessel comes flying, a glass breaks. husband is angry and the wife is upset. that hatred, that ego. the distance that keeps growing. it is difficult to comprehend the damage, but the cracks are there. feelings expressions. reality, mystery, drama  anup soni, sanjeev tyagi, manish raj sharma, nissar khan, sakshi tanwar subramanian s. lyer"
248064,Heart Beat,tv,RK Multispeciality Hospital is a beacon of hope and healing. Its doctors are resilient even when they have to deal with medical and personal challenges.,"Drama, Comedy",,"Deepa Balu, Anumol, Karthik Kumar, Charukesh, Sabaresh",Deepak Sundarrajan,8.2,5,13.8786,ta,/aHEr565AkKrwC7Q18u3OEjGavyj.jpg,"rk multispeciality hospital is a beacon of hope and healing. its doctors are resilient even when they have to deal with medical and personal challenges. drama, comedy  deepa balu, anumol, karthik kumar, charukesh, sabaresh deepak sundarrajan"
130542,Bhagya Lakshmi,tv,"Hailing from a middle-class family, Lakshmi’s life is upended when she realises that her marriage to Rishi Oberoi, an industrialist’s son, is a sham to keep his death at bay.",Soap,,"Aishwarya Khare, Rohit Suchanti, Maera Mishra, Aman Gandhi, Munira Kudrati",Ekta Kapoor,5.8,110,13.3479,hi,/gG7VzFKAOuGqCJyHQJRTn9f7UMl.jpg,"hailing from a middle-class family, lakshmi’s life is upended when she realises that her marriage to rishi oberoi, an industrialist’s son, is a sham to keep his death at bay. soap  aishwarya khare, rohit suchanti, maera mishra, aman gandhi, munira kudrati ekta kapoor"
315195,Trideviyaan,tv,"Dhanashree and Tanuja, along with their sister-in-law, Manya, work as secret agents and simultaneously manage their household chores. However, they have a tough time hiding their real identities.","Action & Adventure, Comedy","action comedy, thriller","Aishwarya Sakhuja, Samaira Rao, Shalini Sahuta, Rituraj Singh, Aanshul Trivedi",Amir Jaffar,0.0,0,13.6327,hi,/A4eVgVyzO0dk6NpJ9E3KrXiaSjk.jpg,"dhanashree and tanuja, along with their sister-in-law, manya, work as secret agents and simultaneously manage their household chores. however, they have a tough time hiding their real identities. action & adventure, comedy action comedy, thriller aishwarya sakhuja, samaira rao, shalini sahuta, rituraj singh, aanshul trivedi amir jaffar"
15428,"Shararat - Thoda Jaadu, Thodi Nazaakat",tv,"The story revolves around how different people in the family adjust to the magical powers of naani and her daughters, who use their magical powers for their needs.","Comedy, Family","magic, supernatural, foreign language, family drama, shararat","Poonam Narula, Addite Shirwaikar Malik, Shruti Seth, Simple Kaul, Farida Jalal",,6.3,14,13.3319,hi,/4WC8AEpg32wgumtqbbQDmEz1NoZ.jpg,"the story revolves around how different people in the family adjust to the magical powers of naani and her daughters, who use their magical powers for their needs. comedy, family magic, supernatural, foreign language, family drama, shararat poonam narula, addite shirwaikar malik, shruti seth, simple kaul, farida jalal "
113218,Imlie,tv,"All Imlie wanted was to create a name for herself in the city. But upon her arrival, she finds herself caught in the middle of Aditya and Malini's love story.","Drama, Soap, Family","family history, relationship problems, family business , love-hate relationship, family relationships, love affair, imlie",,,7.4,83,16.2623,hi,/sltUDXvpDZK3aVIdtkbImhcJv8t.jpg,"all imlie wanted was to create a name for herself in the city. but upon her arrival, she finds herself caught in the middle of aditya and malini's love story. drama, soap, family family history, relationship problems, family business , love-hate relationship, family relationships, love affair, imlie  "
100780,Jamai Raja,tv,"Siddharth, a hotelier, takes up the responsibility of repairing the relationship between his independent wife, Roshni, and his enterprising mother-in-law, Durga Devi.","Drama, Soap",,"Ravi Dubey, Nia Sharma, Achint Kaur",Niraj Kumar Mishra,5.5,4,12.8853,hi,/7TDfSot51AFRK8aFs2kO3snM4um.jpg,"siddharth, a hotelier, takes up the responsibility of repairing the relationship between his independent wife, roshni, and his enterprising mother-in-law, durga devi. drama, soap  ravi dubey, nia sharma, achint kaur niraj kumar mishra"
19457,India's Got Talent,tv,This talent show features a huge variety of talent ranging from the mundane to the bizarre from heart-stopping feats to the seemingly impossible giving Indians a platform to showcase their talents like no other.,Reality,"competition, talent competition","Malaika Arora, Navjot Singh Sidhu, Shaan, Haarsh Limbachiyaa",,5.7,9,13.3393,hi,/1RTJJ4WfVf3pjTV2LVDAQcelPhE.jpg,"this talent show features a huge variety of talent ranging from the mundane to the bizarre from heart-stopping feats to the seemingly impossible giving indians a platform to showcase their talents like no other. reality competition, talent competition malaika arora, navjot singh sidhu, shaan, haarsh limbachiyaa "
99887,The Great Emperor Ashoka,tv,"The story of Ashoka, emperor of the Maurya Empire, from his early struggles to his reign as a ruthless emperor.","Soap, Drama, Family","emperor, 3rd century bc","Siddharth Nigam, Soumya Seth, Sumedh Mudgalkar, Mohit Raina, Manoj Kolhatkar",Abhimanyu Singh,4.5,2,12.7975,hi,/9ISFxYeaaAyKyV3YVM9SdovQf5c.jpg,"the story of ashoka, emperor of the maurya empire, from his early struggles to his reign as a ruthless emperor. soap, drama, family emperor, 3rd century bc siddharth nigam, soumya seth, sumedh mudgalkar, mohit raina, manoj kolhatkar abhimanyu singh"
231685,Vera Maari Office,tv,,"Comedy, Drama",,"Vikram Arul Vidyapathi, Soundariya Nanjundan, Syama Harini, V.J. Pappu, Janani Ashok Kumar",Shivakanth,10.0,1,13.1262,ta,/hjCX7VcawI1MVKESlHHRoNGU7mG.jpg," comedy, drama  vikram arul vidyapathi, soundariya nanjundan, syama harini, v.j. pappu, janani ashok kumar shivakanth"
213712,"Begusarai, Tierra de Nadie",tv,"Set in the land of Begusarai, Bihar, the story revolves around the members of the Thakur family, who get fragmented and even come together when several problems arise to eradicate their existence forever.","Action & Adventure, Drama",,"Vishal Aditya Singh, Shivangi Joshi, Sartaj Gill, Shweta Tiwari, Veebha Anand",Sachin Mohite,0.0,0,11.2721,hi,/eax7LKzHBETcNh6ACvRa5NH1kLW.jpg,"set in the land of begusarai, bihar, the story revolves around the members of the thakur family, who get fragmented and even come together when several problems arise to eradicate their existence forever. action & adventure, drama  vishal aditya singh, shivangi joshi, sartaj gill, shweta tiwari, veebha anand sachin mohite"
230625,Tula Pahate Re,tv,"Two people from different backgrounds, and different decades. This couple will prove that when two souls are meant to be together, they will find a way to be together.","Drama, Mystery","rich husband, rich vs poor, love story","Gayatri Datar, Subodh Bhave, Shilpa Tulaskar, Abhidnya Bhave, Umesh Jagtap",Aparna Ketkar,0.0,1,12.0462,mr,/xnRo6CObeyswSS1KYEEFWj976Yz.jpg,"two people from different backgrounds, and different decades. this couple will prove that when two souls are meant to be together, they will find a way to be together. drama, mystery rich husband, rich vs poor, love story gayatri datar, subodh bhave, shilpa tulaskar, abhidnya bhave, umesh jagtap aparna ketkar"
82605,Dance Plus,tv,"Discover solo, couple and group performances starting a movement in revolutionary styles. Transforming dance culture, to find the next big dance trend.",Reality,"competition, dance competition, plus move","Raghav Juyal, Remo D'Souza, Dharmesh Yelande",Remo D'Souza,10.0,3,12.4299,hi,/fKPIsK5bCVotGvR29UsDYmHND2O.jpg,"discover solo, couple and group performances starting a movement in revolutionary styles. transforming dance culture, to find the next big dance trend. reality competition, dance competition, plus move raghav juyal, remo d'souza, dharmesh yelande remo d'souza"
5353,Kesar,tv,"Kesar is an Indian television serial that aired on STAR Plus, based on the life of a young girl from rural Punjab named Kesar. Kesar concluded on May 31, 2007 but is currently being repeated from the beginning on the TV Asia channel in USA.","Drama, Family",,"Nandini Singh, Prachi Shah, Nisha Rawal, Yash Tonk",Ekta Kapoor,0.0,0,12.2996,hi,,"kesar is an indian television serial that aired on star plus, based on the life of a young girl from rural punjab named kesar. kesar concluded on may 31, 2007 but is currently being repeated from the beginning on the tv asia channel in usa. drama, family  nandini singh, prachi shah, nisha rawal, yash tonk ekta kapoor"
18456,Kashmakash Zindagi Ki,tv,"Kashmakash Zindagi Ki is an Indian TV series produced by Reasonable Advertising Limited, based on the story of an adopted girl who is hated by everyone in her new family except her father. The story portrays the sour relationships in a family. The series premiered on November 20, 2006, and stars Deepshikha in the maid lead as Aradhana.

The series is one of the long-running television programme of DD National channel, which completed its 300 episodes in June 2008 & 500 episodes on March 20, 2009.",Drama,suspense,"Amrapali Gupta, Sudha Chandran, Deepshika Nagpal, Lata Haya",,0.0,0,12.73,hi,/kjTpyuGC0ZLYHHxk0CzbY3k001T.jpg,"kashmakash zindagi ki is an indian tv series produced by reasonable advertising limited, based on the story of an adopted girl who is hated by everyone in her new family except her father. the story portrays the sour relationships in a family. the series premiered on november 20, 2006, and stars deepshikha in the maid lead as aradhana.

the series is one of the long-running television programme of dd national channel, which completed its 300 episodes in june 2008 & 500 episodes on march 20, 2009. drama suspense amrapali gupta, sudha chandran, deepshika nagpal, lata haya "
93790,Bhakharwadi,tv,"The story of Bhakharwadi revolves around two families that hail from different cultures living in the same city, Pune as neighbors. Both are competitors in business. The former runs an ancestral shop of bhakharwadi and is a follower of norms and traditions while the latter believes in matching steps with time and promotes fusion food. Both of them have sour relations due to their competitive attitude. But what will happen when the children of these two will fall for each other?","Comedy, Family, Drama",,"Deven Bhojani, Paresh Ganatra, Smita Sarvade, Bhakti Rathod, Akshay Kelkar",,6.8,4,12.2322,hi,/1BigpBpjFDHKH4PnfpzwD1iMNFQ.jpg,"the story of bhakharwadi revolves around two families that hail from different cultures living in the same city, pune as neighbors. both are competitors in business. the former runs an ancestral shop of bhakharwadi and is a follower of norms and traditions while the latter believes in matching steps with time and promotes fusion food. both of them have sour relations due to their competitive attitude. but what will happen when the children of these two will fall for each other? comedy, family, drama  deven bhojani, paresh ganatra, smita sarvade, bhakti rathod, akshay kelkar "
244291,Aankh Micholi,tv,"Undercover cop Rukmini gets married into a traditional family as the 'Aadarsh Bahu. Oscillating dual lives, how long will she be able to maintain her cover?",,,"Khushi Dubey, Navneet Malik, Drashti Bhanushali, Aria Sakaria, Hitesh Bharadwaj",,2.2,6,12.0986,hi,/r76hWdtecuohPeK0nGiwyOW3jjh.jpg,"undercover cop rukmini gets married into a traditional family as the 'aadarsh bahu. oscillating dual lives, how long will she be able to maintain her cover?   khushi dubey, navneet malik, drashti bhanushali, aria sakaria, hitesh bharadwaj "
85047,Guddan - Tumse Na Ho Payega,tv,"Guddan faces a big challenge when she becomes a mother-in-law to three daughters-in-law after marrying Akshat, a widower.",Comedy,,"Shweta Mahadik, Manisha Rawat, Trishna Vivek, Kanika Mann, Dalljiet Kaur",,6.8,4,12.4864,hi,/il1ynIgGcN6xVLNBuFmQF6TWe79.jpg,"guddan faces a big challenge when she becomes a mother-in-law to three daughters-in-law after marrying akshat, a widower. comedy  shweta mahadik, manisha rawat, trishna vivek, kanika mann, dalljiet kaur "
283995,Indrani,tv,Dr. Indrani hides her pain with forced smiles. Young Dr. Aditya falls for her warmth. Can love break through societal pressure and give her happiness?,Drama,romance,"Ankitaa Chakraborty, Rahul Ganguly, Soma Banerjee, Bikash Bhowmick, Sumanta Mukherjee",Sumeet Hukamchand Mittal,3.5,1,12.8491,bn,/9RTWNhJsWu09Ll60WbGMHc34t6r.jpg,"dr. indrani hides her pain with forced smiles. young dr. aditya falls for her warmth. can love break through societal pressure and give her happiness? drama romance ankitaa chakraborty, rahul ganguly, soma banerjee, bikash bhowmick, sumanta mukherjee sumeet hukamchand mittal"
209319,Ajooni,tv,"Surpassing personal conflicts, Ajooni and Rajveer embrace love. But with conspiracies brewing within the family, their relationship must stand the test of time.","Drama, Soap","love, love story, ajooni","Ayushi Khurana, Shoaib Ibrahim, Pankaj Dheer",,8.0,1,11.8921,hi,/2iudOwnWpHae87MwXXwtsChpFiu.jpg,"surpassing personal conflicts, ajooni and rajveer embrace love. but with conspiracies brewing within the family, their relationship must stand the test of time. drama, soap love, love story, ajooni ayushi khurana, shoaib ibrahim, pankaj dheer "
213713,Faltu,tv,"What's in a name? Amidst the arid landscape of Rajasthan, a young woman with dreamy eyes struggles to prove her worth.",Drama,"family's daily life, family drama, family holiday, childhood friends","Niharika Chouksey, Aakash Ahuja, Rajat Verma, Drishti Thakur, Mahesh Thakur",,7.0,140,11.6578,hi,/lgyFuoXs7GvKJN0mNm7z7OMOFuZ.jpg,"what's in a name? amidst the arid landscape of rajasthan, a young woman with dreamy eyes struggles to prove her worth. drama family's daily life, family drama, family holiday, childhood friends niharika chouksey, aakash ahuja, rajat verma, drishti thakur, mahesh thakur "
72392,Kasam - Tere Pyaar Ki,tv,"Rishi and Tanu who are destined to be together since birth. Their love has stood the test of time, cheating even death. This story of reincarnation will even make non believers believe in love.","Soap, Family, Drama","romance, kasam, fiction","Kratika Sengar, Sharad Malhotra, Shivani Tomar, Saba Mirza",Ekta Kapoor,8.7,3,12.556,hi,/7lG4aS1NE4arSjkBBlCErJToJtn.jpg,"rishi and tanu who are destined to be together since birth. their love has stood the test of time, cheating even death. this story of reincarnation will even make non believers believe in love. soap, family, drama romance, kasam, fiction kratika sengar, sharad malhotra, shivani tomar, saba mirza ekta kapoor"
86130,Jijaji Chhat Par Hai,tv,"Two men live as fake husband and wife only to find a shelter and work, meanwhile focusing on their music career. While the teenage daughter of their landlord and boss becomes attracted to one of them.",Comedy,jijaji,"Raashi Bawa, Hiba Nawab, Naveen Bawa, Nikhil Khurana, Soma Rathod",Shashank Bali,7.5,2,10.426,hi,/igM00bpz2EDV7qTsjW0dUysbtwX.jpg,"two men live as fake husband and wife only to find a shelter and work, meanwhile focusing on their music career. while the teenage daughter of their landlord and boss becomes attracted to one of them. comedy jijaji raashi bawa, hiba nawab, naveen bawa, nikhil khurana, soma rathod shashank bali"
8426,MTV Roadies,tv,"MTV Roadies is a youth-based popular reality television show. It is an Indian version of the original show, Road Rules. In this show, a group of contestants travel to different destinations and participate in various tasks that challenge their physical, social and mental strength.","Reality, Action & Adventure",,"Gurbani Judge, Neha Dhupia, Prince Narula, Nikhil Chinappa, Rannvijay Singha",Raghu Ram,6.7,3,12.1216,hi,/rxuX0kszEyVJLDVIZLiZHOcM65y.jpg,"mtv roadies is a youth-based popular reality television show. it is an indian version of the original show, road rules. in this show, a group of contestants travel to different destinations and participate in various tasks that challenge their physical, social and mental strength. reality, action & adventure  gurbani judge, neha dhupia, prince narula, nikhil chinappa, rannvijay singha raghu ram"
235416,Tunte,tv,"Despite her flair for fashion, an ill-fated Tunte gets forced to work as a maid. But re-igniting hopes, a young man Rangan helps her forge a way to success.",Drama,,"Dipanwita Rakshit, Syed Arefin, Mishmee Das, Rajiv Bose",Snigdha Basu,0.0,0,12.1857,bn,/fhWruqbIzE4iaW90QbjOYkCTKOx.jpg,"despite her flair for fashion, an ill-fated tunte gets forced to work as a maid. but re-igniting hopes, a young man rangan helps her forge a way to success. drama  dipanwita rakshit, syed arefin, mishmee das, rajiv bose snigdha basu"
216289,Pyar Ka Pehla Naam: Radha Mohan,tv,"In modern-day Vrindavan, Mohan, a charming flute player, loses his spark post a tragedy. Radha, who admires him since her childhood days, decides to remind him of his true love, Lord Krishna.",Drama,,"Neeharika Roy, Shabir Ahluwalia, Sambhabana Mohanty, Keerti Nagpure, Swati Shah",Allee Khan,5.5,18,11.7885,hi,/cGUF4aT3GCmCy3f84KKIpWS3kty.jpg,"in modern-day vrindavan, mohan, a charming flute player, loses his spark post a tragedy. radha, who admires him since her childhood days, decides to remind him of his true love, lord krishna. drama  neeharika roy, shabir ahluwalia, sambhabana mohanty, keerti nagpure, swati shah allee khan"
82619,X.X.X: Uncensored,tv,"An erotic anthology series exploring different aspects of love, lust and romance.",Comedy,,"Priyanka Talukdar, Rajat Rawell, Pratima Kazmi, Kyra Dutt, Aparna Sharma",Ekta Kapoor,4.4,20,13.7447,hi,/cufcKjv41k4sRJotdxwwHMDl70L.jpg,"an erotic anthology series exploring different aspects of love, lust and romance. comedy  priyanka talukdar, rajat rawell, pratima kazmi, kyra dutt, aparna sharma ekta kapoor"
15317,Zaara,tv,"Twenty-year-old Zaara wants to get married to her childhood lover. But her life gets chaotic after her sister Zeenat asks her to become the second wife of her husband, as she is unable to conceive.",Drama,body-swap,"Sameksha Oswal, Sonia Kapoor Reshammiya, Jatin Grewal, Abhay Vakil, Malini Kapoor",Sanjay R. Kohli,0.0,0,12.3978,hi,/g0E3iXEzcbIzKWcglQQSf8r2dhd.jpg,"twenty-year-old zaara wants to get married to her childhood lover. but her life gets chaotic after her sister zeenat asks her to become the second wife of her husband, as she is unable to conceive. drama body-swap sameksha oswal, sonia kapoor reshammiya, jatin grewal, abhay vakil, malini kapoor sanjay r. kohli"
261149,Advocate Anjali Awasthi,tv,"Every underdog has its day! Struggling lawyer Anjali Awasthi takes up a challenging case, all set for her big break. But can she fight the big guns?",Drama,"romance, courtroom, social issues","Shritama Mitra, Ankit Raizada, Puneett Chouksey, Umesh Ghadge, Bhaswar Chatterjee",Snehasis Chakraborty,0.0,0,10.3284,hi,/ros7TzkpOJW3Wj0aS06EpZGYbY0.jpg,"every underdog has its day! struggling lawyer anjali awasthi takes up a challenging case, all set for her big break. but can she fight the big guns? drama romance, courtroom, social issues shritama mitra, ankit raizada, puneett chouksey, umesh ghadge, bhaswar chatterjee snehasis chakraborty"
99795,Gathbandhan,tv,"A tongue-in-cheek story between a boy, who is a donkey, and a self-righteous girl studying to be a police officer.","Family, Drama",,"Shruti Sharma, Abrar Qazi, Pragati Chourasiya, Kinshuk Mahajan, Sonali Pandit Naik",,8.0,1,13.4242,hi,/iic8lFIXK3xNG4obybw2sJDRCmm.jpg,"a tongue-in-cheek story between a boy, who is a donkey, and a self-righteous girl studying to be a police officer. family, drama  shruti sharma, abrar qazi, pragati chourasiya, kinshuk mahajan, sonali pandit naik "
80929,Chinna Thambi,tv,"Two people, who are poles apart, find love in each other. However, they face several problems because they belong to different cultures.","Drama, Comedy","romance, family","Prajin Padmanabhan, Pavani Reddy, Hema Rajkumar, Girish, Anila Sreekumar",Raja Velu,10.0,1,11.2681,ta,/jG0NkAFEJNuREdQzmsu33C9JVWJ.jpg,"two people, who are poles apart, find love in each other. however, they face several problems because they belong to different cultures. drama, comedy romance, family prajin padmanabhan, pavani reddy, hema rajkumar, girish, anila sreekumar raja velu"
17896,Luv Kush,tv,"Luv Kush is an Indian television series created, written, produced, and directed by Ramanand Sagar. It is a follow-up to Sagar's highly successful Ramayan, featuring mostly the same cast and production crew.

Luv Kush covers the last book, the ""Uttar Kand,"" of the ancient Indian epic Ramayana, following Ram's coronation, especially focusing on his children Luv and Kush.","Action & Adventure, Drama",mythology,"Arun Govil, Deepika Chikhalia, Swapnil Joshi, Dara Singh, Mayuresh Kshetramade",Ramanand Sagar,9.0,1,12.8797,hi,/39bSWenhnSijWy6Mp0EFdM8jdJR.jpg,"luv kush is an indian television series created, written, produced, and directed by ramanand sagar. it is a follow-up to sagar's highly successful ramayan, featuring mostly the same cast and production crew.

luv kush covers the last book, the ""uttar kand,"" of the ancient indian epic ramayana, following ram's coronation, especially focusing on his children luv and kush. action & adventure, drama mythology arun govil, deepika chikhalia, swapnil joshi, dara singh, mayuresh kshetramade ramanand sagar"
302431,Reporters,tv,"Two ambitious journalists, Kabir and Ananya, work together at the KKN channel and eventually fall in love. However, when people plot to separate them, they have to overcome obstacles to stay together.

It is the story of two people finding love in a complex and cut throat world of journalism … where there is no right or wrong way of looking at news AND life. Will Ananya and Kabir’s love survive when they find themselves on opposite sides of the debate on ethics? Passion for news brought them together. Will their ambitions tear them apart?",Drama,,"Rajeev Khandelwal, Kritika Kamra, Anvita Bhargava, Bikramjeet Kanwarpal, Sunny Hinduja",Goldie Behl,0.0,0,12.7038,hi,/lJ5AAD2RFKlR27SiwD2oTVIo9H.jpg,"two ambitious journalists, kabir and ananya, work together at the kkn channel and eventually fall in love. however, when people plot to separate them, they have to overcome obstacles to stay together.

it is the story of two people finding love in a complex and cut throat world of journalism … where there is no right or wrong way of looking at news and life. will ananya and kabir’s love survive when they find themselves on opposite sides of the debate on ethics? passion for news brought them together. will their ambitions tear them apart? drama  rajeev khandelwal, kritika kamra, anvita bhargava, bikramjeet kanwarpal, sunny hinduja goldie behl"
52661,Nayagi,tv,,Drama,,"Vidhya Pradeep, Dhilip Rayan, Papri Ghosh, Vetrivel, Nakshathra Nagesh",S. Kumaran,0.0,0,11.8812,ta,/7nV1yxg3W49clBi4OeEzQzqPT7x.jpg," drama  vidhya pradeep, dhilip rayan, papri ghosh, vetrivel, nakshathra nagesh s. kumaran"
18301,The Discovery of India,tv,"Bharat Ek Khoj is a 53-episode Indian historical drama based on the book The Discovery of India by Jawaharlal Nehru, that dramatically unfolds the 5000 year history of India from its beginnings to the coming of independence in 1947. The drama was directed, written and produced by Shyam Benegal with cinematographer V. K. Murthy in 1988 for state-owned Doordarshan. Benegal's regular script collaborator Shama Zaidi also co-wrote the script.","Documentary, Drama","based on novel or book, india, indian history",Roshan Seth,Shyam Benegal,9.4,7,11.427,hi,/eE327cvRMzngQTwMvbTSj6yoo74.jpg,"bharat ek khoj is a 53-episode indian historical drama based on the book the discovery of india by jawaharlal nehru, that dramatically unfolds the 5000 year history of india from its beginnings to the coming of independence in 1947. the drama was directed, written and produced by shyam benegal with cinematographer v. k. murthy in 1988 for state-owned doordarshan. benegal's regular script collaborator shama zaidi also co-wrote the script. documentary, drama based on novel or book, india, indian history roshan seth shyam benegal"
96201,Ishq Subhan Allah,tv,A liberal girl and the conflicting views of an orthodox boy reach a stage in which the issue of divorce is raised.,"Drama, Soap, Family","islam, religion, social issues","Eisha Singh, Adnan Khan, Gunn Kansara, Gautam Vig",Danish Javed,2.0,1,11.3173,hi,/4VAnrkA0jooF9apXqOvbv05pFGH.jpg,"a liberal girl and the conflicting views of an orthodox boy reach a stage in which the issue of divorce is raised. drama, soap, family islam, religion, social issues eisha singh, adnan khan, gunn kansara, gautam vig danish javed"
90990,Comedy Nights Bachao,tv,"Based on the format of roast comedy, the show features comic crusaders who take a jibe at celebrity guests testing their patience through slapstick humor and make unpleasant jokes about them.","Talk, Comedy",,"Krishna Abhishek, Bharti Singh, Sudesh Lehri, Mubeen Saudagar, Karan Wahi",Vipul D. Shah,6.3,3,10.5073,hi,/rGyQWDNyDkzF9sKZ33RLM3ihhNG.jpg,"based on the format of roast comedy, the show features comic crusaders who take a jibe at celebrity guests testing their patience through slapstick humor and make unpleasant jokes about them. talk, comedy  krishna abhishek, bharti singh, sudesh lehri, mubeen saudagar, karan wahi vipul d. shah"
14307,Aahat,tv,"Viewers will witness the most blood curdling horror that will keep them on the edge at all times. Horror will get ghastly, mysterious and spine chilling like never before, with the return of Aahat. This content will showcase the existence of the supernatural in the most innovative and cryptic manner. A unique amalgamation of high drama, mystery and horror, the show will entertain and haunt the viewers.",Drama,,,Brijendra Pal Singh,6.3,3,11.2854,hi,/3dL7GQl5bHZTWaapNmfs9EJZ0Wa.jpg,"viewers will witness the most blood curdling horror that will keep them on the edge at all times. horror will get ghastly, mysterious and spine chilling like never before, with the return of aahat. this content will showcase the existence of the supernatural in the most innovative and cryptic manner. a unique amalgamation of high drama, mystery and horror, the show will entertain and haunt the viewers. drama   brijendra pal singh"
307959,LBW: Love Beyond Wicket,tv,"A washed-up PT teacher, a legendary coach and a generation of misfit students come together to save a legacy.","Drama, Comedy",,"Vikranth, Sindhu Shyam, Smruthi Mohankumar, Niyathi Kadambi, Ayaz Khan",,6.5,2,12.8596,ta,/tC5K8MkLipwV9bIdJV9SQcCzgUF.jpg,"a washed-up pt teacher, a legendary coach and a generation of misfit students come together to save a legacy. drama, comedy  vikranth, sindhu shyam, smruthi mohankumar, niyathi kadambi, ayaz khan "
224895,Sixth Sense,tv,"A first-of-its- kind show involving the unique senses of humans and explore their thinking abilities with minutely orchestrated nuances between the host and participating celebrities. Sight, hearing, taste, smell and touch are the typically recognized human senses,",Reality,,Ohmkar,Ohmkar,0.0,0,10.1755,te,/gXltbXPjw5oaPi0aluPwCYRaQrb.jpg,"a first-of-its- kind show involving the unique senses of humans and explore their thinking abilities with minutely orchestrated nuances between the host and participating celebrities. sight, hearing, taste, smell and touch are the typically recognized human senses, reality  ohmkar ohmkar"
249755,Dupahiya,tv,"Dhadakpur, the Belgium of Bihar, is on the cusp of celebrating 25 years of being crime free. But chaos strikes when a never-seen-before motorbike, that was purchased as a wedding gift gets stolen 7 days before the ceremony! The journey taken by the bride's family and ex-lover to find the Dupahiya forms the heart of this comedy, which explores the hopes and aspirations of simple people.","Comedy, Drama",,"Gajraj Rao, Bhuvan Arora, Sparsh Shrivastava, Shivani Raghuvanshi, Renuka Shahane",Chirag Garg,7.4,5,11.1207,hi,/9qxeUZGHNxCgaiM601VYnhJnZMh.jpg,"dhadakpur, the belgium of bihar, is on the cusp of celebrating 25 years of being crime free. but chaos strikes when a never-seen-before motorbike, that was purchased as a wedding gift gets stolen 7 days before the ceremony! the journey taken by the bride's family and ex-lover to find the dupahiya forms the heart of this comedy, which explores the hopes and aspirations of simple people. comedy, drama  gajraj rao, bhuvan arora, sparsh shrivastava, shivani raghuvanshi, renuka shahane chirag garg"
96074,Shubharambh,tv,"A confident Rani wants to earn big for her family. But, her way to success is filled with roadblocks. On the other hand, Raja, born with a silver spoon in his mouth has everyone one needs, except an inkling of self-confidence. As fate has it, the two opposites end up together, but will their union bring about the best in them? Can they make their lives a success and prove everyone else wrong?","Drama, Family, Soap","romance, thriller","Akshit Sukhija, Mahima Makwana, Jiten Lalwani, Chhaya Vora",Pankhuri Gangwal,10.0,1,12.7086,hi,/ntyQNfdfZKd6eHKfoj63vibwEma.jpg,"a confident rani wants to earn big for her family. but, her way to success is filled with roadblocks. on the other hand, raja, born with a silver spoon in his mouth has everyone one needs, except an inkling of self-confidence. as fate has it, the two opposites end up together, but will their union bring about the best in them? can they make their lives a success and prove everyone else wrong? drama, family, soap romance, thriller akshit sukhija, mahima makwana, jiten lalwani, chhaya vora pankhuri gangwal"
63826,Kaisi Yeh Yaariaan,tv,Manik and Nandini's fairy tale love faces shadows that threaten their promised world of light. Can their bond prevail or will it crumble under darkness?,Drama,,"Niti Taylor, Parth Samthaan",Rajeev Raj,10.0,2,11.2651,hi,/hkoasd7mTqMVGsaTc6UxZ6iHmqT.jpg,"manik and nandini's fairy tale love faces shadows that threaten their promised world of light. can their bond prevail or will it crumble under darkness? drama  niti taylor, parth samthaan rajeev raj"
86978,Divya Drishti,tv,"Separated at childhood, Divya and Drishti attain super powers - to not only see the future, but also manipulate it. However, their own future lies in the hands of an evil Pishachini.","Mystery, Sci-Fi & Fantasy","supernatural, thriller","Nyra Banerjee, Sana Sayyad, Sangita Ghosh, Adhvik Mahajan, Mansi Srivastava",Brijendra Pal Singh,7.0,1,12.5901,hi,/na7Xl9xMVp79x16HRkNlwF1Pp5z.jpg,"separated at childhood, divya and drishti attain super powers - to not only see the future, but also manipulate it. however, their own future lies in the hands of an evil pishachini. mystery, sci-fi & fantasy supernatural, thriller nyra banerjee, sana sayyad, sangita ghosh, adhvik mahajan, mansi srivastava brijendra pal singh"
75283,Woh Apna Sa,tv,"Aditya, a young man, faces difficulties when he is torn between the love and responsibilities of his two wives. Amidst all the odds, he tries to keep everyone happy and together.",Drama,romance,"Sudeep Sahir, Disha Parmar, Ridhi Dogra, Kunal Karan Kapoor",Siddharth P. Malhotra,3.0,1,8.5234,hi,/uctJZRlrToOdKLBqAnzFrRddBIx.jpg,"aditya, a young man, faces difficulties when he is torn between the love and responsibilities of his two wives. amidst all the odds, he tries to keep everyone happy and together. drama romance sudeep sahir, disha parmar, ridhi dogra, kunal karan kapoor siddharth p. malhotra"
154505,Gangaa,tv,,Drama,romance,"Aditi Sharma, Ruhana Khanna, Vishal Vashishtha, Hiten Tejwani, Gungun Uprari",,7.0,3,11.4606,hi,/5Zz2RC9K6BpXtJHq5tpif2OKxt.jpg," drama romance aditi sharma, ruhana khanna, vishal vashishtha, hiten tejwani, gungun uprari "
72648,Meri Aashiqui Tum Se Hi,tv,"Ranvir come to Mumbai with his father at age of 9 .The first time he saw Ishaani,he fell in love with her.however,he had to face a lot of trouble to confess his love to her.","Drama, Soap",romance,"Shakti Arora, Radhikka Madan, Shahab Khan, Utkarsha Naik",Ekta Kapoor,0.0,0,10.6822,hi,/7yt6rGOWtUrXvxW1uUSMG15mkHE.jpg,"ranvir come to mumbai with his father at age of 9 .the first time he saw ishaani,he fell in love with her.however,he had to face a lot of trouble to confess his love to her. drama, soap romance shakti arora, radhikka madan, shahab khan, utkarsha naik ekta kapoor"
306555,Tuu Juliet Jatt Di,tv,"The star of the story—Heer—is an ambitious Kudi! Poles apart, Nawab is a rich, spoiled Munda. Destiny brings them together in a love saga inked by betrayals.","Drama, Soap",,"Jasmeet Kaur, Syed Raza Ahmed, Digvijay Purohit, Ayush Sharma, Abhishek Sharma",Sargun Mehta,0.0,0,11.0473,hi,/oy23uz9J5o9hIkZGqMhySajy9Jt.jpg,"the star of the story—heer—is an ambitious kudi! poles apart, nawab is a rich, spoiled munda. destiny brings them together in a love saga inked by betrayals. drama, soap  jasmeet kaur, syed raza ahmed, digvijay purohit, ayush sharma, abhishek sharma sargun mehta"
59414,Karishma: The Miracles of Destiny,tv,"Karishma – The Miracles of Destiny was an Indian television serial which was first broadcast on Sahara One on 25 August 2003 and lasted over 262 episodes ending in October 2004. It starred Karisma Kapoor in the leading role alongside an all-star cast including Sanjay Kapoor, Arbaaz Khan, Arshad Warsi, Vikas Bhalla and Jugal Hansraj. Created by Akashdeep, it was written by Sachin Bhowmick and directed by Anurag Basu. The title song was composed by Anu Malik and sung by Sonu Nigam and Sapna Mukherjee. In the UK, the serial has been aired on Venus in 2007 and repeated on Sahara One from September 2012 to March 2013.",Drama,,"Karisma Kapoor, Sanjay Kapoor, Arbaaz Khan, Harsh Chhaya, Ayub Khan",Akashdeep Sabir,10.0,1,10.8816,hi,,"karishma – the miracles of destiny was an indian television serial which was first broadcast on sahara one on 25 august 2003 and lasted over 262 episodes ending in october 2004. it starred karisma kapoor in the leading role alongside an all-star cast including sanjay kapoor, arbaaz khan, arshad warsi, vikas bhalla and jugal hansraj. created by akashdeep, it was written by sachin bhowmick and directed by anurag basu. the title song was composed by anu malik and sung by sonu nigam and sapna mukherjee. in the uk, the serial has been aired on venus in 2007 and repeated on sahara one from september 2012 to march 2013. drama  karisma kapoor, sanjay kapoor, arbaaz khan, harsh chhaya, ayub khan akashdeep sabir"
